audio_entity_types_tables	25
combat_random_vocalisation	drowning_random_vocalisation	fatigued_idle_random_vocalisation	fatigued_moving_random_vocalisation	idle_random_vocalisation	key	running_random_vocalisation	musician_event	switch	material	walking_random_vocalisation	group_movement	limitation	idle_looping_sound	moving_looping_sound	rotating_looping_sound	actor_type	group_flying_idle	group_flying_moving	only_uses_material	group_movement_armour_override	group_idle	attenuation_scale	group_melee_armour_override	triggers_cinematic	sphere_of_influence_default	sphere_of_influence_combat	should_use_unique_entity_switches	max_unique_entity_switches	use_focus_rtpc	max_camera_distance_for_focus	min_camera_distance_for_focus	focus_rtpc	unique_entity_switch	ignore_moving_outside_combat	ignore_moving	group_idle_shoot	group_idle_combat_ready
					none		Battle_Musician_Event		wood			veryloud							false			1		false			false	0	false	0	0			false	false		
					wh2_bastiladon				wood			veryloud							false			1		true		large_creature_combat	false	0	false	0	0			false	false		
					wh2_bastiladon_revivification_crystal				wood			veryloud							false			1		true		large_creature_combat	false	0	false	0	0			false	false		
					wh2_carnosaur				wood			veryloud							false			1		true		large_creature_combat	false	0	false	0	0			false	false		
					wh2_chariot_articulation		Battle_Musician_Event		metal			war_machine_group							true			1		false			false	0	false	0	0			false	false		
					wh2_chariot_articulation_wood		Battle_Musician_Event		wood			war_machine_group							true			1		false			false	0	false	0	0			false	false		
					wh2_cold_one	wh2_cold_one_running	Battle_Musician_Event		wood	wh2_cold_one_walking	wh2_grp_movement_beast_medium_claws	large							false	wh_grp_foley_movement_beast_heavy_leather		0.99		true			false	0	false	0	0			false	false		
		wh_human_male_fatigue	wh_human_male_fatigue	wh_human_male_idle	wh2_cst_sartosa_free_company	wh_human_male_running	Battle_Musician_Event	wh_human_male	wood	wh_human_male_walking	wh_grp_movement_humanoid	medium				wh_human_male			false			1		false			false	0	false	0	0			false	false		
		wh2_def_elf_female_default_fatigue_stop	wh2_def_elf_female_default_fatigue_stop	wh2_def_elf_female_default_idle	wh2_def_elf_female_default	wh2_def_elf_female_default_running	Battle_Musician_Event		wood	wh2_def_elf_female_default_walking	wh_grp_movement_humanoid	medium				wh2_def_elf_female_default			false			1		false			false	0	false	0	0			false	false		
		wh2_def_elf_female_default_fatigue_stop	wh2_def_elf_female_default_fatigue_stop	wh2_def_elf_female_default_idle	wh2_def_elf_female_default_LH	wh2_def_elf_female_default_running	Battle_Musician_Event		wood	wh2_def_elf_female_default_walking		Lord_Hero				wh2_def_elf_female_default			false			1.2		true	hero_default	hero_combat	false	0	false	0	0			false	false		
		wh2_def_elf_female_default_fatigue_stop	wh2_def_elf_female_default_fatigue_stop	wh2_def_elf_female_default_idle	wh2_def_elf_female_default_LORD	wh2_def_elf_female_default_running	Battle_Musician_Event		wood	wh2_def_elf_female_default_walking		Lord_Hero				wh2_def_elf_female_default			false			1.2		true	hero_default	hero_combat	false	0	false	0	0			false	false		
		wh2_def_elf_male_lokhir_fatigue_stop	wh2_def_elf_male_lokhir_fatigue_stop	wh2_def_elf_male_lokhir_idle	wh2_def_elf_male_Lokhir_LORD	wh2_def_elf_male_lokhir_running	Battle_Musician_Event		wood	wh2_def_elf_male_lokhir_walking		Lord_Hero							false			1.2		true	hero_default	hero_combat	false	0	false	0	0			false	false		
		wh2_def_elf_male_malekith_fatigue_stop	wh2_def_elf_male_malekith_fatigue_stop	wh2_def_elf_male_malekith_idle	wh2_def_elf_male_Malekith_LORD	wh2_def_elf_male_malekith_running	Battle_Musician_Event		wood	wh2_def_elf_male_malekith_walking		Lord_Hero							false			1.2		true	hero_default	hero_combat	false	0	false	0	0			false	false		
		wh2_def_elf_male_default_fatigue_stop	wh2_def_elf_male_default_fatigue_stop	wh2_def_elf_male_default_idle	wh2_def_elf_male_default	wh2_def_elf_male_default_running	Battle_Musician_Event		wood	wh2_def_elf_male_default_walking	wh_grp_movement_humanoid	medium				wh2_def_elf_male_default			false			1		false			false	0	false	0	0			false	false		
		wh2_def_elf_male_default_fatigue_stop	wh2_def_elf_male_default_fatigue_stop	wh2_def_elf_male_default_idle	wh2_def_elf_male_default_LH	wh2_def_elf_male_default_running	Battle_Musician_Event		wood	wh2_def_elf_male_default_walking		Lord_Hero				wh2_def_elf_male_default			false			1.2		true	hero_default	hero_combat	false	0	false	0	0			false	false		
		wh2_def_elf_male_default_fatigue_stop	wh2_def_elf_male_default_fatigue_stop	wh2_def_elf_male_default_idle	wh2_def_elf_male_default_LORD	wh2_def_elf_male_default_running	Battle_Musician_Event		wood	wh2_def_elf_male_default_walking		Lord_Hero				wh2_def_elf_male_default			false			1.2		true	hero_default	hero_combat	false	0	false	0	0			false	false		
					wh2_dlc09_chariot_arkhan		Battle_Musician_Event		metal			war_machine	wh2_dlc09_chariot_arkhan_idle	wh2_dlc09_chariot_arkhan_movement	wh2_dlc09_chariot_arkhan_movement_rotation				true			1		false			false	0	false	0	0			false	false		
					wh2_dlc09_chariot_settra		Battle_Musician_Event		metal			war_machine	wh2_dlc09_chariot_settra_idle	wh2_dlc09_chariot_settra_movement	wh2_dlc09_chariot_settra_movement_rotation				true			1		false			false	0	false	0	0			false	false		
					wh2_dlc09_chariot_tmb		Battle_Musician_Event		metal			war_machine_group		wh2_dlc_09_chariot_tmb_movement	wh2_dlc_09_chariot_tmb_movement_rotation				true			1		false			false	0	false	0	0			false	false		
				wh_horse_normal_idle	wh2_dlc09_horse_chariot_arkhan	wh_horse_normal_running	Battle_Musician_Event	wh_horse_normal	wood	wh_horse_normal_walking		medium							false	wh_grp_foley_movement_horse_leather		1		false			false	0	false	0	0			false	false		
		wh2_def_elf_male_default_fatigue_stop		wh2_def_elf_male_default_idle	wh2_dlc10_def_doomfire_warlocks	wh2_def_elf_male_default_running	Battle_Musician_Event		wood	wh2_def_elf_male_default_walking		large				wh2_def_elf_male_default			false			1		false			false	0	false	0	0			false	false		
		wh2_def_elf_female_default_fatigue_stop		wh2_def_elf_female_default_idle	wh2_dlc10_def_elf_female_sisters_of_slaughter	wh2_def_elf_female_default_running	Battle_Musician_Event		wood	wh2_def_elf_female_default_walking	wh_grp_movement_humanoid	medium				wh2_def_elf_female_default			false			1		false			false	0	false	0	0			false	false		
			wh2_dlc11_aranessa_fatigue_stop	wh2_dlc11_aranessa_idle	wh2_dlc11_cst_Aranessa_LORD	wh2_dlc11_aranessa_running	Battle_Musician_Event		wood	wh2_dlc11_aranessa_walking		Lord_Hero							false			1.2		true	hero_default	hero_combat	false	0	false	0	0			false	false		
			wh2_cst_cylostra_idle	wh2_cst_cylostra_idle	wh2_dlc11_cst_Cylostra_LORD	wh2_cst_cylostra_idle	Battle_Musician_Event		wood	wh2_cst_cylostra_idle		Lord_Hero	wh2_dlc_11_cylostra_aura	wh2_dlc_11_cylostra_aura	wh2_dlc_11_cylostra_aura				false			1.3		true	hero_default	hero_combat	false	0	false	0	0			false	false		
			wh2_cst_fleet_ad_female_fatigue	wh2_cst_fleet_ad_female_idle	wh2_dlc11_cst_Fleet_Ad_female_LORD	wh2_cst_fleet_ad_female_running	Battle_Musician_Event		wood	wh2_cst_fleet_ad_female_walking		Lord_Hero							false			1.2		true	hero_default	hero_combat	false	0	false	0	0			false	false		
			wh2_cst_fleet_ad_male_fatigue	wh2_cst_fleet_ad_male_idle	wh2_dlc11_cst_Fleet_Ad_male_LORD	wh2_cst_fleet_ad_male_running	Battle_Musician_Event		wood	wh2_cst_fleet_ad_male_walking		Lord_Hero							false			1.2		true	hero_default	hero_combat	false	0	false	0	0			false	false		
		wh2_cst_gunnery_wight_fatigue	wh2_cst_gunnery_wight_fatigue	wh2_cst_gunnery_wight_idle	wh2_dlc11_cst_Gunnery_Wight_LH	wh2_cst_gunnery_wight_running	Battle_Musician_Event		wood	wh2_cst_gunnery_wight_walking		Lord_Hero							false			1.2		true	hero_default	hero_combat	false	0	false	0	0			false	false		
			wh2_cst_luthor_harkon_fatigue	wh2_cst_luthor_harkon_idle	wh2_dlc11_cst_Harkon_LORD	wh2_cst_luthor_harkon_running	Battle_Musician_Event		wood	wh2_cst_luthor_harkon_walking		Lord_Hero							false			1.2		true	hero_default	hero_combat	false	0	false	0	0			false	false		
			wh2_dlc11_noctilus_fatigue	wh2_dlc11_noctilus_idle	wh2_dlc11_cst_Noctilus_LORD	wh2_dlc11_noctilus_running	Battle_Musician_Event		wood	wh2_dlc11_noctilus_walking		Lord_Hero							false			1.2		true	hero_default	hero_combat	false	0	false	0	0			false	false		
		wh2_dlc_cst_animated_hulk_idle	wh2_dlc_cst_animated_hulk_walking	wh2_dlc_cst_animated_hulk_idle	wh2_dlc11_cst_animated_hulk	wh2_dlc_cst_animated_hulk_running	Battle_Musician_Event	wh2_dlc11_cst_animated_hulk	wood	wh2_dlc_cst_animated_hulk_walking	wh_grp_movement_beast_heavy_medium	large				wh2_dlc_cst_animated_hulk			false			1		true			false	0	false	0	0			false	false		
		wh2_dlc_cst_animated_hulk_idle	wh2_dlc_cst_animated_hulk_walking	wh2_dlc_cst_animated_hulk_idle	wh2_dlc11_cst_animated_hulk_actor1	wh2_dlc_cst_animated_hulk_running	Battle_Musician_Event	wh2_dlc11_cst_animated_hulk	wood	wh2_dlc_cst_animated_hulk_walking	wh2_grp_movement_beast_heavy_stagger	large				wh2_dlc_cst_animated_hulk			false			1		true			false	0	false	0	0			false	false		
		wh2_dlc_cst_animated_hulk_idle	wh2_dlc_cst_animated_hulk_walking	wh2_dlc_cst_animated_hulk_idle	wh2_dlc11_cst_animated_hulk_actor2	wh2_dlc_cst_animated_hulk_running	Battle_Musician_Event	wh2_dlc11_cst_animated_hulk	wood	wh2_dlc_cst_animated_hulk_walking	wh2_grp_movement_beast_heavy_stagger	large				wh2_dlc_cst_animated_hulk			false			1		true			false	0	false	0	0			false	false		
		wh2_dlc_cst_animated_hulk_idle	wh2_dlc_cst_animated_hulk_walking	wh2_dlc_cst_animated_hulk_idle	wh2_dlc11_cst_animated_hulk_actor3	wh2_dlc_cst_animated_hulk_running	Battle_Musician_Event	wh2_dlc11_cst_animated_hulk	wood	wh2_dlc_cst_animated_hulk_walking	wh2_grp_movement_beast_heavy_stagger	large				wh2_dlc_cst_animated_hulk			false			1		true			false	0	false	0	0			false	false		
		wh2_dlc11_bloated_corpse_flies_idle		wh2_dlc11_bloated_corpse_flies_idle	wh2_dlc11_cst_bloated_corpse	wh2_dlc11_bloated_corpse_flies_idle	Battle_Musician_Event		wood	wh2_dlc11_bloated_corpse_flies_idle		large							false			1		false		large_creature_combat	false	0	false	0	0			false	false		
					wh2_dlc11_cst_damned_knight		Battle_Musician_Event		wood			medium				wh2_dlc11_cst_damned_knights			false			1		false			false	0	false	0	0			false	false		
					wh2_dlc11_cst_damned_knight_LH		Battle_Musician_Event		wood			Lord_Hero				wh2_dlc11_cst_damned_knights			false			1.2		true	hero_default	hero_default	false	0	false	0	0			false	false		
				wh2_dlc11_cst_deck_dropper_bat_idle	wh2_dlc11_cst_deck_dropper_bat	wh2_dlc11_cst_deck_dropper_bat_running	Battle_Musician_Event		wood	wh2_dlc11_cst_deck_dropper_bat_walking	wh_grp_movement_flying_vargheists	large					wh_grp_movement_flying_vargheists	wh_grp_movement_flying_vargheists	false		wh_grp_movement_flying_vargheists	1.3		true			false	0	false	0	0			false	false		
				wh2_dlc11_cst_zombie_idle	wh2_dlc11_cst_deck_gunner_crew	wh2_dlc11_cst_zombie_running	Battle_Musician_Event		wood	wh2_dlc11_cst_zombie_walking	wh_grp_movement_humanoid_rabble_only	medium				wh2_dlc11_cst_zombie			false	wh2_grp_foley_movement_leather_stagger		1		false			false	0	false	0	0			false	false		
		wh2_cst_depth_guard_fatigue	wh2_cst_depth_guard_fatigue	wh2_cst_depth_guard_idle	wh2_dlc11_cst_depth_guard	wh2_cst_depth_guard_running	Battle_Musician_Event		wood	wh2_cst_depth_guard_walking	wh_grp_movement_humanoid	medium				wh2_dlc11_depth_guard			false			1		false			false	0	false	0	0			false	false		
		wh2_cst_fleet_captain_female_fatigue	wh2_cst_fleet_captain_female_fatigue	wh2_cst_fleet_captain_female_idle	wh2_dlc11_cst_fleet_captain_female_LH	wh2_cst_fleet_captain_female_running	Battle_Musician_Event		wood	wh2_cst_fleet_captain_female_walking		Lord_Hero							false			1.2		true	hero_default	hero_combat	false	0	false	0	0			false	false		
					wh2_dlc11_cst_mourngul_LH		Battle_Musician_Event		wood			Lord_Hero							false			1		true	hero_default	hero_combat	false	0	false	0	0			false	false		
					wh2_dlc11_cst_mournguls	wh2_dlc11_cst_mourngul_running	Battle_Musician_Event		wood	wh2_dlc11_cst_mourngul_walking	wh2_grp_movement_mournguls	large							false			1		true			false	0	false	0	0			false	false		
					wh2_dlc11_cst_rotting_leviathan		Battle_Musician_Event		wood			veryloud							false			1		true		large_creature_combat	false	0	false	0	0			false	false		
					wh2_dlc11_cst_rotting_prometheans		Battle_Musician_Event		wood		wh2_grp_movement_rotting_prometheans	large							false			1		false			false	0	false	0	0			false	false		
				wh2_dlc11_cst_syreens_idle	wh2_dlc11_cst_syreens	wh2_dlc11_cst_syreens_moving	Battle_Musician_Event		wood	wh2_dlc11_cst_syreens_moving	wh2_grp_movement_syreens	medium				wh2_dlc11_cst_syreens			false			1		false			false	0	false	0	0			false	false		
wh_wooden_creaks			wh_wooden_creaks	wh_wooden_creaks	wh2_dlc11_cst_war_machine_queen_bess	wh_wooden_creaks	Battle_Musician_Event		wood	wh_wooden_creaks		war_machine		wh_war_machine_queen_bess_movement	wh_war_machine_queen_bess_rotation				true			1		false			false	0	false	0	0			false	false		
				wh2_dlc11_cst_zombie_idle	wh2_dlc11_cst_zombie_mob	wh2_dlc11_cst_zombie_running	Battle_Musician_Event		wood	wh2_dlc11_cst_zombie_walking	wh_grp_movement_humanoid_rabble_only	medium				wh2_dlc11_cst_zombie			false	wh2_grp_foley_movement_leather_stagger		1		false			false	0	false	0	0			false	false		
		wh2_dlc11_bloated_corpse_flies_idle		wh2_dlc11_bloated_corpse_flies_idle	wh2_dlc11_necrofex_colossus		Battle_Musician_Event		wood			veryloud							true			1		true		large_creature_combat	false	0	false	0	0			false	false		
					wh2_dlc11_necrofex_colossus_ror		Battle_Musician_Event		wood			veryloud							true			1		true		large_creature_combat	false	0	false	0	0			false	false		
					wh2_dlc12_Ancient_salamander	wh2_ancient_salamander_running	Battle_Musician_Event		wood	wh2_ancient_salamander_walking		veryloud							false			1		true		large_creature_combat	false	0	false	0	0			false	false		
				wh2_dlc12_ripperdactyl_idle	wh2_dlc12_ripperdactyl	wh2_dlc12_ripperdactyl_running	Battle_Musician_Event		wood	wh2_dlc12_ripperdactyl_walking		large							false			1		false			false	0	false	0	0			false	false		
				wh2_dlc12_ripperdactyl_idle_lh	wh2_dlc12_ripperdactyl_LH	wh2_dlc12_ripperdactyl_running_lh	Battle_Musician_Event		wood	wh2_dlc12_ripperdactyl_walking_lh		Lord_Hero							false			1.2		true			false	0	false	0	0			false	false		
					wh2_dlc12_salamander	wh2_salamander_running	Battle_Musician_Event		wood	wh2_salamander_walking	wh2_grp_movement_beast_medium_salamanders	large							false	wh_grp_foley_movement_beast_heavy_leather		1		false			false	0	false	0	0			false	false		
				wh2_skaven_default_idle	wh2_dlc12_skaven_jezzails	wh2_skaven_default_running	Battle_Musician_Event		wood	wh2_skaven_default_walking	wh_grp_movement_beast_light	medium				wh2_skaven			false	wh_grp_foley_movement_segmented		1.1		false			false	0	false	0	0			false	false		
				wh2_skaven_default_idle	wh2_dlc12_skaven_stormvermin_ror	wh2_skaven_default_running	Battle_Musician_Event		wood	wh2_skaven_default_walking	wh_grp_movement_beast_light	medium				wh2_skaven			false			0.95000005		false			false	0	false	0	0			false	false		wh2_dlc12_grp_vocalisation_skaven_idle
					wh2_dlc12_skaven_warlock_master_LH	wh2_skaven_warlock_master_running	Battle_Musician_Event		wood	wh2_skaven_warlock_master_walking		Lord_Hero							false			1.2		true	hero_default	hero_combat	false	0	false	0	0			false	false		
					wh2_dlc12_war_machine_doom_flayer		Battle_Musician_Event		metal			doomflayer	wh2_dlc12_war_machine_doom_flayer_movement	wh2_dlc12_war_machine_doom_flayer_movement	wh2_dlc12_war_machine_doom_flayer_movement				true			1		false			true	4	true	50	15	Battle_Entity_Focus_Slew_Warmachine	BATTLE_DOOMFLAYER_ENTITY	false	false		
			wh2_dlc_12_skaven_ikit_walking		wh2_dlc_skaven_Ikit_LORD	wh2_dlc_12_skaven_ikit_running	Battle_Musician_Event		wood	wh2_dlc_12_skaven_ikit_walking		Lord_Hero							false			1.21		true	hero_default	hero_combat	false	0	false	0	0			false	false		
					wh2_dlc_skaven_tretch_LORD	wh2_dlc_skaven_tretch_running	Battle_Musician_Event		wood	wh2_dlc_skaven_tretch_walking	wh_grp_movement_beast_light	Lord_Hero							false			1.2		true	hero_default	hero_combat	false	0	false	0	0			false	false		
				wh2_dlc_tmb_arkhan_idle	wh2_dlc_tmb_arkhan_LORD	wh2_dlc_tmb_arkhan_running	Battle_Musician_Event	wh2_tmb_arkhan	wood	wh2_dlc_tmb_arkhan_walking		Lord_Hero							false			1.2		true	hero_default	hero_combat	false	0	false	0	0			false	false		
				wh2_dlc_tmb_khalida_idle	wh2_dlc_tmb_khalida_LORD	wh2_dlc_tmb_khalida_running	Battle_Musician_Event		wood	wh2_dlc_tmb_khalida_walking		Lord_Hero							false			1.2		true	hero_default	hero_combat	false	0	false	0	0			false	false		
				wh2_dlc_tmb_khatep_idle	wh2_dlc_tmb_khatep_LORD	wh2_dlc_tmb_khatep_running	Battle_Musician_Event	wh2_tmb_khatep	wood	wh2_dlc_tmb_khatep_walking		Lord_Hero							false			1.2		true	hero_default	hero_combat	false	0	false	0	0			false	false		
				wh2_dlc_tmb_liche_priest_idle	wh2_dlc_tmb_liche_priest_LH	wh2_dlc_tmb_liche_priest_running	Battle_Musician_Event	wh2_tmb_liche_priest	wood	wh2_dlc_tmb_liche_priest_walking		Lord_Hero				wh2_dlc_tmb_liche_priest			false			1.2		true	hero_default	hero_combat	false	0	false	0	0			false	false		
				wh2_dlc_tmb_necrotect_idle	wh2_dlc_tmb_necrotect_LH	wh2_dlc_tmb_necrotect_running	Battle_Musician_Event	wh2_tmb_necrotect	wood	wh2_dlc_tmb_necrotect_walking		Lord_Hero				wh2_dlc_tmb_necrotect			false			1.2		true	hero_default	hero_combat	false	0	false	0	0			false	false		
				wh2_dlc_tmb_settra_idle	wh2_dlc_tmb_settra_LORD	wh2_dlc_tmb_settra_running	Battle_Musician_Event	wh2_tmb_settra	wood	wh2_dlc_tmb_settra_walking		Lord_Hero							false			1.2		true	hero_default	hero_combat	false	0	false	0	0			false	false		
				wh2_dlc_tmb_tomb_king_idle	wh2_dlc_tmb_tomb_king_LORD	wh2_dlc_tmb_tomb_king_running	Battle_Musician_Event	wh2_tmb_tomb_king	wood	wh2_dlc_tmb_tomb_king_walking		Lord_Hero				wh2_dlc_tmb_tomb_king			false			1.2		true	hero_default	hero_combat	false	0	false	0	0			false	false		
				wh2_dlc_tmb_tomb_prince_idle	wh2_dlc_tmb_tomb_prince_LH	wh2_dlc_tmb_tomb_prince_running	Battle_Musician_Event	wh2_tmb_tomb_prince	wood	wh2_dlc_tmb_tomb_prince_walking		Lord_Hero				wh2_dlc_tmb_tomb_prince			false			1.2		true	hero_default	hero_combat	false	0	false	0	0			false	false		
			wh2_hydra_walking	wh2_hydra_idle	wh2_dragon_large_hydra	wh2_hydra_running	Battle_Musician_Event		wood	wh2_hydra_walking		veryloud							false			1		true		large_creature_combat	false	0	false	0	0			false	false		
			wh2_hydra_walking	wh2_hydra_idle	wh2_dragon_large_hydra_ror	wh2_hydra_running	Battle_Musician_Event		wood	wh2_hydra_walking		veryloud							false			1		true		large_creature_combat	false	0	false	0	0			false	false		
				wh_dwarf_default_idle	wh2_dwarf_warriors_dragonfire	wh_dwarf_default_running	Battle_Musician_Event	wh_dwarf_default	wood	wh_dwarf_default_walking	wh_grp_movement_humanoid	small				wh_dwarf_default			false	wh_grp_foley_movement_leather_flaming_swords	wh_grp_foley_idle_flaming_swords	1	wh_grp_foley_melee_flaming_swords	false			false	0	false	0	0			false	false		
					wh2_hef_cauldron_of_blood		Battle_Musician_Event		metal			veryloud	wh_cauldron_of_blood_idle	wh_cauldron_of_blood_movement	wh_cauldron_of_blood_movement				true			1		false			false	0	false	0	0			false	false		
					wh2_hef_dragon_large_black		Battle_Musician_Event		wood			veryloud							false			1		true		large_creature_combat	false	0	false	0	0			false	false		
					wh2_hef_dragon_large_moon		Battle_Musician_Event		wood			veryloud							false			1		true		large_creature_combat	false	0	false	0	0			false	false		
					wh2_hef_dragon_large_star		Battle_Musician_Event		wood			veryloud							false			1		true		large_creature_combat	false	0	false	0	0			false	false		
					wh2_hef_dragon_large_sun		Battle_Musician_Event		wood			veryloud							false			1		true		large_creature_combat	false	0	false	0	0			false	false		
		wh2_hef_elf_female_default_fatigue_stop	wh2_hef_elf_female_default_fatigue_stop	wh2_hef_elf_female_default_idle	wh2_hef_elf_female_default	wh2_hef_elf_female_default_running	Battle_Musician_Event		wood	wh2_hef_elf_female_default_walking	wh_grp_movement_humanoid	medium				wh2_hef_elf_female_default			false			1		false			false	0	false	0	0			false	false		
		wh2_hef_elf_female_default_fatigue_stop	wh2_hef_elf_female_default_fatigue_stop	wh2_hef_elf_female_default_idle	wh2_hef_elf_female_default_LH	wh2_hef_elf_female_default_running	Battle_Musician_Event		wood	wh2_hef_elf_female_default_walking		Lord_Hero				wh2_hef_elf_female_default			false			1.2		true	hero_default	hero_combat	false	0	false	0	0			false	false		
		wh2_hef_elf_male_default_fatigue_stop	wh2_hef_elf_male_default_fatigue_stop	wh2_hef_elf_male_default_idle	wh2_hef_elf_male_default	wh2_hef_elf_male_default_running	Battle_Musician_Event		wood	wh2_hef_elf_male_default_walking	wh_grp_movement_humanoid	medium				wh2_hef_elf_male_default			false			1		false			false	0	false	0	0			false	false		
		wh2_hef_elf_male_default_fatigue_stop	wh2_hef_elf_male_default_fatigue_stop	wh2_hef_elf_male_default_idle	wh2_hef_elf_male_default_LH	wh2_hef_elf_male_default_running	Battle_Musician_Event		wood	wh2_hef_elf_male_default_walking		Lord_Hero				wh2_hef_elf_male_default			false			1.2		true	hero_default	hero_combat	false	0	false	0	0			false	false		
		wh2_hef_elf_male_default_fatigue_stop	wh2_hef_elf_male_default_fatigue_stop	wh2_hef_elf_male_default_idle	wh2_hef_elf_male_default_LORD	wh2_hef_elf_male_default_running	Battle_Musician_Event		wood	wh2_hef_elf_male_default_walking		Lord_Hero				wh2_hef_elf_male_default			false			1.2		true	hero_default	hero_combat	false	0	false	0	0			false	false		
					wh2_hef_elf_male_phoenix_guard		Battle_Musician_Event		wood		wh_grp_movement_humanoid	medium				wh2_hef_elf_male_default			false			1		false			false	0	false	0	0			false	false		
		wh2_hef_elf_male_default_fatigue_stop	wh2_hef_elf_male_default_fatigue_stop	wh2_hef_elf_male_default_idle	wh2_hef_elf_male_tyrion_LH	wh2_hef_elf_male_default_running	Battle_Musician_Event		wood	wh2_hef_elf_male_default_walking		Lord_Hero	wh2_flaming_sword	wh2_flaming_sword	wh2_flaming_sword	wh2_hef_elf_male_default			false			1.2		true	hero_default	hero_combat	false	0	false	0	0			false	false		
		wh2_hef_elf_female_default_fatigue_stop	wh2_hef_elf_female_default_fatigue_stop	wh2_hef_elf_female_default_idle	wh2_hef_female_Alarielle_LORD	wh2_hef_elf_female_default_running	Battle_Musician_Event		wood	wh2_hef_elf_female_default_walking		Lord_Hero				wh2_hef_elf_female_default			false			1.2		true	hero_default	hero_combat	false	0	false	0	0			false	false		
				wh2_phoenix_flamespyre_idle	wh2_hef_phoenix_flamespyre	wh2_phoenix_flamespyre_running	Battle_Musician_Event	wh2_hef_phoenix_flamespyre	wood	wh2_phoenix_flamespyre_walking	wh_grp_movement_beast_medium	large					wh_grp_movement_flying_medium_bird	wh_grp_movement_flying_medium_bird	false			1		true		large_creature_combat	false	0	false	0	0			false	false		
				wh2_phoenix_flamespyre_idle	wh2_hef_phoenix_frostheart	wh2_phoenix_flamespyre_running	Battle_Musician_Event	wh2_hef_phoenix_frostheart	wood	wh2_phoenix_flamespyre_walking	wh_grp_movement_beast_medium	large					wh_grp_movement_flying_medium_bird	wh_grp_movement_flying_medium_bird	false			1		true		large_creature_combat	false	0	false	0	0			false	false		
					wh2_hell_pit_abomination		Battle_Musician_Event		wood			veryloud	wh_hell_pit_abomination_engine_idle	wh_hell_pit_abomination_engine_movement	wh_hell_pit_abomination_engine_movement				false			1		true	large_creature_combat	large_creature_combat	false	0	false	0	0			false	false		
				wh_horse_normal_idle	wh2_horse_segmented_flaming_lances	wh_horse_normal_running	Battle_Musician_Event	wh_horse_normal	wood	wh_horse_normal_walking	wh_grp_movement_horse	medium							false	wh2_grp_foley_movement_horse_segmented_flaming_lances	wh2_grp_foley_idle_horse_flaming_lances	1	wh2_grp_foley_melee_horse_flaming_lances	false			false	0	false	0	0			false	false		
			wh2_kroxigor_walking	wh2_kroxigor_idle	wh2_kroxigor	wh2_kroxigor_running	Battle_Musician_Event		wood	wh2_kroxigor_walking	wh_grp_movement_beast_heavy	large							false	wh_grp_foley_movement_beast_heavy_leather		1		true			false	0	false	0	0			false	false		
					wh2_lord_mazdamundi		Battle_Musician_Event		wood			Lord_Hero							false			1.2		true		hero_combat	false	0	false	0	0			false	false		
					wh2_lzd_slann_platform		Battle_Musician_Event		rock			veryloud	wh2_slann_platform_sound	wh2_slann_platform_sound	wh2_slann_platform_sound				false			1		false			false	0	false	0	0			false	false		
					wh2_pro06_bone_giant		Battle_Musician_Event		rock			veryloud	wh2_dlc09_constructs_shimmer_idle	wh2_dlc09_constructs_shimmer_idle	wh2_dlc09_constructs_shimmer_idle				false			1		true		large_creature_combat	false	0	false	0	0			false	false		
					wh2_rat_ogre	wh2_rat_ogre_running	Battle_Musician_Event		wood	wh2_rat_ogre_walking	wh_grp_movement_beast_heavy_medium	large				wh2_rat_ogre			false	wh_grp_foley_movement_beast_medium_segmented		1		true			false	0	false	0	0			false	false		
					wh2_rat_ogre_LH	wh2_rat_ogre_LH_running	Battle_Musician_Event		wood	wh2_rat_ogre_LH_walking	wh_grp_movement_beast_heavy_medium	Lord_Hero							false	wh_grp_foley_movement_beast_medium_segmented		1.2		true	hero_default	hero_combat	false	0	false	0	0			false	false		
		wh2_saurus_idle	wh2_saurus_running	wh2_saurus_idle	wh2_saurus	wh2_saurus_running	Battle_Musician_Event		wood	wh2_saurus_walking	wh_grp_movement_beast_medium	medium				wh2_saurus			false	wh_grp_foley_movement_beast_light_leather		1		false			false	0	false	0	0			false	false		
				wh2_saurus_idle	wh2_saurus_LH	wh2_saurus_running	Battle_Musician_Event		wood	wh2_saurus_walking	wh_grp_movement_beast_medium	Lord_Hero				wh2_saurus			false	wh_grp_foley_movement_beast_light_leather		1.2		true	hero_default	hero_combat	false	0	false	0	0			false	false		
				wh2_saurus_idle	wh2_saurus_LORD	wh2_saurus_running	Battle_Musician_Event		wood	wh2_saurus_walking	wh_grp_movement_beast_medium	Lord_Hero				wh2_saurus			false	wh_grp_foley_movement_beast_light_leather		1.2		true	hero_default	hero_combat	false	0	false	0	0			false	false		
wh_metal_creaks			wh_metal_creaks	wh_metal_creaks	wh2_siege_tower_lizardmen	wh_metal_creaks	Battle_Musician_Event		metal			war_machine	wh2_siege_tower_lizardmen_idle	wh2_siege_tower_lizardmen_movement	wh2_siege_tower_lizardmen_movement				true			1		false			false	0	false	0	0			false	false		
wh_metal_creaks			wh_metal_creaks	wh_metal_creaks	wh2_siege_tower_skaven	wh_metal_creaks	Battle_Musician_Event		metal			war_machine		wh_war_machine_skv_movement_large	wh_war_machine_skv_rotation_large				true			1		false			false	0	false	0	0			false	false		
				wh2_skaven_default_idle	wh2_skaven	wh2_skaven_default_running	Battle_Musician_Event		wood	wh2_skaven_default_walking	wh_grp_movement_beast_light	medium				wh2_skaven			false			0.95000005		false			false	0	false	0	0			false	false		
				wh2_skaven_default_idle	wh2_skaven_LH	wh2_skaven_default_running	Battle_Musician_Event		wood	wh2_skaven_default_walking	wh_grp_movement_beast_light	Lord_Hero				wh2_skaven			false			1.2		true	hero_default	hero_combat	false	0	false	0	0			false	false		
				wh2_skaven_assassin_idle	wh2_skaven_assassin_LH	wh2_skaven_assassin_running	Battle_Musician_Event		wood	wh2_skaven_assassin_walking	wh_grp_movement_beast_light	Lord_Hero				wh2_skaven_assassin			false			1.2		true	hero_default	hero_combat	false	0	false	0	0			false	false		
				wh2_skaven_globadiers_idle	wh2_skaven_globadiers	wh2_skaven_default_running	Battle_Musician_Event		wood	wh2_skaven_default_walking	wh_grp_movement_beast_light	medium				wh2_skaven			false	wh_grp_foley_movement_humanoid_metal_equipment	wh_grp_foley_movement_humanoid_metal_equipment	1		false			false	0	false	0	0			false	false		
					wh2_skaven_grey_seer_LH	wh2_skaven_grey_seer_running	Battle_Musician_Event		wood	wh2_skaven_grey_seer_walking	wh_grp_movement_beast_light	Lord_Hero				wh2_skaven_grey_seer			false			1.2		true	hero_default	hero_combat	false	0	false	0	0			false	false		
					wh2_skaven_lord_skrolk_LH	wh2_skaven_lord_skrolk_running	Battle_Musician_Event		wood	wh2_skaven_lord_skrolk_walking	wh_grp_movement_beast_light	Lord_Hero							false			1.2		true	hero_default	hero_combat	false	0	false	0	0			false	false		
				wh2_skaven_plague_priests_idle	wh2_skaven_plague_censer_bearers	wh2_skaven_plague_priests_running	Battle_Musician_Event		wood	wh2_skaven_plague_priests_walking	wh_grp_movement_beast_light	medium				wh2_skaven			false	wh_grp_foley_movement_leather		1		false			false	0	false	0	0			false	false		
				wh2_skaven_plague_priests_idle	wh2_skaven_plague_monks	wh2_skaven_plague_priests_running	Battle_Musician_Event		wood	wh2_skaven_plague_priests_walking	wh_grp_movement_beast_light	medium				wh2_skaven			false	wh_grp_foley_movement_leather		1		false			false	0	false	0	0			false	false		
				wh2_skaven_plague_priests_idle	wh2_skaven_plague_priests_LH	wh2_skaven_plague_priests_running	Battle_Musician_Event		wood	wh2_skaven_plague_priests_walking	wh_grp_movement_beast_light	Lord_Hero				wh2_skaven_plague_priests			false			1.2		true	hero_default	hero_combat	false	0	false	0	0			false	false		
					wh2_skaven_queek_headtaker_LH	wh2_skaven_queek_headtaker_walking	Battle_Musician_Event		wood	wh2_skaven_queek_headtaker_walking		Lord_Hero							false			1.2		true	hero_default	hero_combat	false	0	false	0	0			false	false		
				wh2_skaven_default_idle	wh2_skaven_ratling_gun_team	wh2_skaven_default_running	Battle_Musician_Event		wood	wh2_skaven_default_walking	wh_grp_movement_beast_light	medium				wh2_skaven			false	wh2_dlc12_grp_foley_movement_ratling_gun_metal_equipment	wh_grp_foley_movement_humanoid_metal_equipment	0.95000005		false			false	0	false	0	0			false	false		
				wh2_skaven_default_idle	wh2_skaven_tailslashers	wh2_skaven_default_running	Battle_Musician_Event		wood	wh2_skaven_default_walking	wh_grp_movement_beast_light	medium				wh2_skaven			false	wh_grp_foley_movement_segmented_flaming_swords	wh_grp_foley_idle_flaming_swords	0.95000005	wh_grp_foley_melee_flaming_swords	false			false	0	false	0	0			false	false		
				wh2_skaven_warlock_idle	wh2_skaven_warlock_LH	wh2_skaven_warlock_running	Battle_Musician_Event		wood	wh2_skaven_warlock_walking	wh_grp_movement_beast_light	Lord_Hero				wh2_skaven_warlock			false			1.2		true	hero_default	hero_combat	false	0	false	0	0			false	false		
					wh2_skaven_warlord_LH	wh2_skaven_warlord_running	Battle_Musician_Event		wood	wh2_skaven_warlord_walking	wh_grp_movement_beast_light	Lord_Hero				wh2_skaven_warlord			false			1.2		true	hero_default	hero_combat	false	0	false	0	0			false	false		
				wh2_skaven_default_idle	wh2_skaven_warpfire_thrower_team	wh2_skaven_default_running	Battle_Musician_Event		wood	wh2_skaven_default_walking	wh_grp_movement_beast_light	medium				wh2_skaven			false	wh_grp_foley_movement_beast_medium_segmented		0.95000005		false			false	0	false	0	0			false	false		
			wh2_skinks_running	wh2_skinks_idle	wh2_skinks	wh2_skinks_running	Battle_Musician_Event		wood	wh2_skinks_walking	wh_grp_movement_beast_light	medium				wh2_skinks			false			1		false			false	0	false	0	0			false	false		
					wh2_skinks_LH		Battle_Musician_Event		wood		wh_grp_movement_beast_light	Lord_Hero				wh2_skinks			false			1.2		true	hero_default	hero_combat	false	0	false	0	0			false	false		
			wh2_skinks_running	wh2_skinks_idle	wh2_skinks_Skink_Cheif_Red_Crested_LORD	wh2_skinks_running	Battle_Musician_Event		wood	wh2_skinks_walking		Lord_Hero				wh2_skinks			false			1.2		true	hero_default	hero_combat	false	0	false	0	0			false	false		
			wh2_dlc12_tehenhauin_running	wh2_dlc12_tehenhauin_idle	wh2_skinks_Tehenhauin_LORD	wh2_dlc12_tehenhauin_running	Battle_Musician_Event		wood	wh2_dlc12_tehenhauin_walking		Lord_Hero							false			1.2		true	hero_default	hero_combat	false	0	false	0	0			false	false		
			wh2_skinks_running	wh2_skinks_idle	wh2_skinks_Tiktaqto_LORD	wh2_skinks_running	Battle_Musician_Event		wood	wh2_skinks_walking		Lord_Hero				wh2_skinks			false			1.2		true	hero_default	hero_combat	false	0	false	0	0			false	false		
					wh2_slann		Battle_Musician_Event		wood			medium				wh2_slann			false			1		true			false	0	false	0	0			false	false		
					wh2_slann_Kroak_LH		Battle_Musician_Event		wood			Lord_Hero							false			1.2		true	hero_default	hero_combat	false	0	false	0	0			false	false		
					wh2_slann_LH		Battle_Musician_Event		wood			Lord_Hero				wh2_slann			false			1.2		true	hero_default	hero_combat	false	0	false	0	0			false	false		
					wh2_stegadon				wood			veryloud							false			1		true		large_creature_combat	false	0	false	0	0			false	false		
					wh2_stegadon_engine_of_the_gods				wood			veryloud							false			1		true		large_creature_combat	false	0	false	0	0			false	false		
					wh2_stegadon_thunderous_one				wood			veryloud							false			1		true		large_creature_combat	false	0	false	0	0			false	false		
				wh2_terradon_idle	wh2_terradon	wh2_terradon_running	Battle_Musician_Event		wood	wh2_terradon_walking		large							false			1		false			false	0	false	0	0			false	false		
				wh2_terradon_idle	wh2_terradon_LH	wh2_terradon_running	Battle_Musician_Event		wood	wh2_terradon_walking		Lord_Hero							false			1.2		true	hero_default	hero_combat	false	0	false	0	0			false	false		
				wh2_tmb_carrion_idles	wh2_tmb_carrion	wh2_tmb_carrion_running	Battle_Musician_Event	wh2_tmb_carrion	wood	wh2_tmb_carrion_walking	wh_grp_movement_beast_medium	medium					wh_grp_movement_carrion	wh_grp_movement_carrion	false			1		false			false	0	false	0	0			false	false		
					wh2_tmb_hierotitan		Battle_Musician_Event		rock			veryloud	wh2_dlc09_constructs_shimmer_idle	wh2_dlc09_constructs_shimmer_idle	wh2_dlc09_constructs_shimmer_idle				false			1		true		large_creature_combat	false	0	false	0	0			false	false		
			wh2_tmb_necro_serpent_walking	wh2_tmb_necro_serpent_idle	wh2_tmb_necro_serpent	wh2_tmb_necro_serpent_running	Battle_Musician_Event		wood	wh2_tmb_necro_serpent_walking	wh2_grp_movement_necro_serpent	large							false	wh_grp_foley_movement_horse_segmented		1		true			false	0	false	0	0			false	false		
wh2_necrosphinx_walking			wh2_necrosphinx_walking	wh2_necrosphinx_idle	wh2_tmb_necrosphinx	wh2_necrosphinx_running	Battle_Musician_Event		rock	wh2_necrosphinx_walking		veryloud	wh2_dlc09_constructs_shimmer_idle	wh2_dlc09_constructs_shimmer_idle	wh2_dlc09_constructs_shimmer_idle				false			1		true		large_creature_combat	false	0	false	0	0			false	false		
			wh2_tmb_tomb_scorpion_walking		wh2_tmb_scorpion	wh2_tmb_tomb_scorpion_running	Battle_Musician_Event	wh_scorpion	wood	wh2_tmb_tomb_scorpion_walking		veryloud	wh2_dlc09_constructs_shimmer_idle	wh2_dlc09_constructs_shimmer_idle	wh2_dlc09_constructs_shimmer_idle				false			1		true		large_creature_combat	false	0	false	0	0			false	false		
				wh_horse_skeleton_idle	wh2_tmb_skeletal_steed	wh_horse_skeleton_running	Battle_Musician_Event	wh_horse_skeleton	wood	wh_horse_skeleton_running	wh_grp_movement_horse	medium							false	wh_grp_foley_movement_horse_bone		1		false			false	0	false	0	0			false	false		
				wh2_tmb_skeleton_idle	wh2_tmb_skeleton	wh2_tmb_skeleton_running	Battle_Musician_Event		wood	wh2_tmb_skeleton_walking	wh_grp_movement_humanoid	medium							false	wh_grp_foley_movement_bone		1	wh_grp_foley_movement_bone	false			false	0	false	0	0			false	false		
				wh2_tmb_skeleton_idle	wh2_tmb_skeleton_tomb_guard	wh2_tmb_skeleton_running	Battle_Musician_Event		wood	wh2_tmb_skeleton_walking	wh_grp_movement_humanoid	medium							false	wh_grp_foley_movement_bone		1	wh_grp_foley_movement_bone	false			false	0	false	0	0			false	false		
					wh2_tmb_ushabti	wh2_tmb_ushabti_running	Battle_Musician_Event	wh2_tmb_ushabti	wood	wh2_tmb_ushabti_walking	wh2_grp_movement_ushabti	large				wh2_tmb_ushabti			false	wh_grp_foley_movement_ushabti		1	wh_grp_foley_movement_ushabti	true			false	0	false	0	0			false	false		
					wh2_tmb_war_machine_casket_of_souls		Battle_Musician_Event		wood			war_machine	wh2_war_machine_tmb_casket_of_souls_idle	wh2_war_machine_tmb_casket_of_souls_movement	wh2_war_machine_tmb_casket_of_souls_idle				true			1		true		hero_combat	false	0	false	0	0			false	false		
				wh2_warsphinx_idle	wh2_tmb_warsphinx	wh2_warsphinx_running	Battle_Musician_Event		rock	wh2_warsphinx_walking		veryloud	wh2_dlc09_constructs_shimmer_idle	wh2_dlc09_constructs_shimmer_idle	wh2_dlc09_constructs_shimmer_idle				false			1		true		large_creature_combat	false	0	false	0	0			false	false		
wh_wooden_creaks			wh_wooden_creaks	wh_wooden_creaks	wh2_war_machine_SKV_plague_furnace	wh_wooden_creaks	Battle_Musician_Event		wood			veryloud		wh_war_machine_wood_movement_large	wh_war_machine_wood_rotation_large				true			1		false			false	0	false	0	0			false	false		
wh_wooden_creaks			wh_wooden_creaks	wh_wooden_creaks	wh2_war_machine_SKV_screaming_bell	wh_wooden_creaks	Battle_Musician_Event		wood			veryloud		wh_war_machine_wood_movement_large	wh_war_machine_wood_rotation_large				true			1		false			false	0	false	0	0			false	false		
					wh2_war_machine_cst_queen_bess				wood			war_machine							false			1		false			false	0	false	0	0			false	false		
					wh2_wm_bolt_thrower_eagle_claw				wood			war_machine		wh_war_machine_wood_movement_small	wh_war_machine_wood_movement_small				false			1		false			false	0	false	0	0			false	false		
					wh2_wm_screaming_skull_catapult				wood			war_machine		wh2_war_machine_skull_catapult_movement_medium	wh2_war_machine_skull_catapult_movement_medium				true			1		false			false	0	false	0	0			false	false		
				wh_boar_idle	wh_boar	wh_boar_running	Battle_Musician_Event		wood	wh_boar_walking	wh_grp_movement_beast_medium	medium							false	wh_grp_foley_movement_beast_medium_leather		1		false			false	0	false	0	0			false	false		
				wh_boar_idle	wh_boar_LH	wh_boar_running	Battle_Musician_Event		wood	wh_boar_walking		Lord_Hero							false			1.2		true	hero_default	hero_combat	false	0	false	0	0			false	false		
				wh_chaos_archaon_idle	wh_chaos_archaon_LORD	wh_chaos_archaon_running	Battle_Musician_Event	wh_chaos_archaon	wood	wh_chaos_archaon_walking		Lord_Hero							false			1.2		true	hero_default	hero_combat	false	0	false	0	0			false	false		
		wh_chaos_default_fatigue	wh_chaos_default_fatigue	wh_chaos_default_idle	wh_chaos_chosen	wh_chaos_default_running	Battle_Musician_Event	wh_chaos_default	wood	wh_chaos_default_walking	wh_grp_movement_humanoid	medium				wh_chaos_default			false			1		false			false	0	false	0	0			false	false		
		wh_chaos_default_fatigue	wh_chaos_default_fatigue	wh_chaos_default_idle	wh_chaos_default	wh_chaos_default_running	Battle_Musician_Event	wh_chaos_default	wood	wh_chaos_default_walking	wh_grp_movement_humanoid	medium				wh_chaos_default			false			1		false			false	0	false	0	0			false	false		
				wh_chaos_default_idle	wh_chaos_default_LH	wh_chaos_default_running	Battle_Musician_Event	wh_chaos_default	wood	wh_chaos_default_walking		Lord_Hero				wh_chaos_default			false			1.2		true	hero_default	hero_combat	false	0	false	0	0			false	false		
				wh_chaos_default_idle	wh_chaos_default_LORD	wh_chaos_default_running	Battle_Musician_Event	wh_chaos_default	wood	wh_chaos_default_walking		Lord_Hero				wh_chaos_default			false			1.2		true	hero_default	hero_combat	false	0	false	0	0			false	false		
		wh_chaos_marauder_fatigue	wh_chaos_marauder_fatigue	wh_chaos_marauder_idle	wh_chaos_marauder	wh_chaos_marauder_running	Battle_Musician_Event	wh_chaos_marauder	wood	wh_chaos_marauder_walking	wh_grp_movement_humanoid	medium				wh_chaos_marauder			false	wh_grp_foley_movement_leather		1		false			false	0	false	0	0			false	false		
					wh_chaos_marauder_LH		Battle_Musician_Event	wh_chaos_marauder	wood			Lord_Hero				wh_chaos_marauder			false			1.2		true	hero_default	hero_combat	false	0	false	0	0			false	false		
				wh_chaos_sigvald_idle	wh_chaos_sigvald_LORD	wh_chaos_sigvald_running	Battle_Musician_Event	wh_chaos_sigvald	wood	wh_chaos_sigvald_walking		Lord_Hero							false			1.2		true	hero_default	hero_combat	false	0	false	0	0			false	false		
					wh_chariot_metal		Battle_Musician_Event		metal			war_machine		wh_chariot_metal_movement	wh_chariot_metal_movement_rotation				true			1		false			false	0	false	0	0			false	false		
					wh_chariot_wood		Battle_Musician_Event		wood			war_machine		wh_chariot_wood_movement	wh_chariot_wood_movement_rotation				true			1		false			false	0	false	0	0			false	false		
					wh_copter		Battle_Musician_Event		metal			war_machine	wh_copter	wh_copter	wh_copter				true			1		false			false	0	false	0	0			false	false		
				wh_crypt_ghoul_idle	wh_crypt_ghoul	wh_crypt_ghoul_running	Battle_Musician_Event		wood	wh_crypt_ghoul_walking	wh_grp_movement_humanoid	medium							false	wh_grp_foley_movement_beast_light_bone		1		false			false	0	false	0	0			false	false		
				wh_crypt_ghoul_idle	wh_crypt_ghoul_LH	wh_crypt_ghoul_running	Battle_Musician_Event		wood	wh_crypt_ghoul_walking	wh_grp_movement_humanoid	Lord_Hero							false	wh_grp_foley_movement_beast_light_bone		1.2		true	hero_default	hero_combat	false	0	false	0	0			false	false		
				wh_crypt_horror_idle	wh_crypt_horror	wh_crypt_horror_running	Battle_Musician_Event		wood	wh_crypt_horror_walking	wh_grp_movement_beast_heavy	large							false	wh_grp_foley_movement_beast_heavy_leather		1		true			false	0	false	0	0			false	false		
				wh_crypt_horror_idle	wh_crypt_horror_LH	wh_crypt_horror_running	Battle_Musician_Event		wood	wh_crypt_horror_walking	wh_grp_movement_beast_heavy	Lord_Hero							false	wh_grp_foley_movement_beast_heavy_leather		1.2		true	hero_default	hero_combat	false	0	false	0	0			false	false		
				wh_griffin_demigryph_idle	wh_demigryph	wh_griffin_demigryph_running	Battle_Musician_Event	wh_demigryph	wood	wh_griffin_demigryph_walking	wh_grp_movement_beast_heavy_medium	large							false	wh_grp_foley_movement_beast_medium_segmented		0.95000005		false			false	0	false	0	0			false	false		
				wh_dire_wolves_warhound_idle	wh_dire_wolve_warhound	wh_dire_wolves_warhound_running	Battle_Musician_Event		wood	wh_dire_wolves_warhounds_walking	wh_grp_movement_beast_medium	small							false			0.95000005		false			false	0	false	0	0			false	false		
				wh_dire_wolves_warhound_idle	wh_dire_wolve_warhound_LH	wh_dire_wolves_warhound_running	Battle_Musician_Event		wood	wh_dire_wolves_warhounds_walking	wh_grp_movement_beast_medium	Lord_Hero							false	wh_grp_foley_movement_beast_light_leather		1.2		true	hero_default	hero_combat	false	0	false	0	0			false	false		
					wh_dlc04_skarsnik_LORD	wh_dlc_skarsnik_running	Battle_Musician_Event		wood	wh_dlc_skarsnik_walking		Lord_Hero							false			1.2		true	hero_default	hero_combat	false	0	false	0	0			false	false		
			wh_dlc_bret_grail_fatigue	wh_dlc_bret_grail_idle	wh_dlc_brt_grail	wh_dlc_bret_grail_running	Battle_Musician_Event	wh_bret_grail	wood	wh_dlc_bret_grail_walking	wh_grp_movement_humanoid	medium							false			1		false			false	0	false	0	0			false	false		
				wh_dlc_bret_green_knight_idle	wh_dlc_brt_green_knight_LORD		Battle_Musician_Event	wh_bret_green_knight	wood		wh_grp_movement_humanoid	Lord_Hero				wh_human_male			false			1.2		true	hero_default	hero_combat	false	0	false	0	0			false	false		
					wh_dlc_centigor	wh_dlc_centigor_running	Battle_Musician_Event		wood	wh_dlc_centigor_walking	wh_grp_movement_beast_medium	medium							false	wh_grp_foley_movement_beast_medium_leather	wh_grp_vocalisation_gor_idle	1		false			false	0	false	0	0			false	false		
				wh_chaos_forsaken_idle	wh_dlc_chaos_forsaken	wh_chaos_forsaken_running	Battle_Musician_Event	wh_chaos_forsaken	wood	wh_chaos_forsaken_walking	wh_grp_movement_humanoid	medium							false			1		false			false	0	false	0	0			false	false		
					wh_dlc_cygor		Battle_Musician_Event		wood			veryloud							false			1		true		large_creature_combat	false	0	false	0	0			false	false		
				wh_dlc_dragon_large_2_heads_idle	wh_dlc_dragon_large_2_heads	wh_dlc_dragon_large_2_heads_running	Battle_Musician_Event		wood	wh_dlc_dragon_large_2_heads_walking		veryloud							false			1		true		large_creature_combat	false	0	false	0	0			false	false		
				wh_dlc_dragon_large_2_heads_idle	wh_dlc_dragon_large_2_heads_chaos	wh_dlc_dragon_large_2_heads_running	Battle_Musician_Event		wood	wh_dlc_dragon_large_2_heads_walking		veryloud							false			1		true		large_creature_combat	false	0	false	0	0			false	false		
				wh_dlc_dragon_ogre_large_idle	wh_dlc_dragon_ogre_large	wh_dlc_dragon_ogre_large_running	Battle_Musician_Event	wh_dragon_ogre_large	wood	wh_dlc_dragon_ogre_large_walking		veryloud							false			1		true		hero_combat	false	0	false	0	0			false	false		
				wh_dlc_dragon_ogre_large_idle	wh_dlc_dragon_ogre_large_LORD	wh_dlc_dragon_ogre_large_running	Battle_Musician_Event	wh_dragon_ogre_large	wood	wh_dlc_dragon_ogre_large_walking		Lord_Hero							false			1.2		true	hero_default	hero_combat	false	0	false	0	0			false	false		
wh_dlc_dragon_ogre_small_running				wh_dlc_dragon_ogre_small_idle	wh_dlc_dragon_ogre_small	wh_dlc_dragon_ogre_small_running	Battle_Musician_Event	wh_dragon_ogre_small	wood	wh_dlc_dragon_ogre_small_walking	wh_grp_movement_beast_heavy	large							false	wh_grp_foley_movement_beast_heavy_leather		1		false			false	0	false	0	0			false	false		
					wh_dlc_gor	wh_dlc_gor_generic_running	Battle_Musician_Event	wh_gor_generic	wood	wh_dlc_gor_generic_walking	wh_grp_movement_beast_light	small							false	wh_grp_foley_movement_beast_light_leather	wh_grp_vocalisation_gor_idle	1		false			false	0	false	0	0			false	false		
					wh_dlc_gor_LH	wh_dlc_gor_generic_running	Battle_Musician_Event	wh_gor_generic	wood	wh_dlc_gor_generic_walking	wh_grp_movement_beast_light	Lord_Hero							false			1.2		true			false	0	false	0	0			false	false		
					wh_dlc_gor_LORD	wh_dlc_gor_generic_running	Battle_Musician_Event	wh_gor_generic	wood	wh_dlc_gor_generic_walking	wh_grp_movement_humanoid	Lord_Hero							false			1.2		true	hero_default	hero_combat	false	0	false	0	0			false	false		
					wh_dlc_gor_LORD_ALT	wh_dlc_gor_generic_running	Battle_Musician_Event	wh_gor_generic	wood	wh_dlc_gor_generic_walking	wh_grp_movement_humanoid	Lord_Hero							false			1.2		true	hero_default	hero_combat	false	0	false	0	0			false	false		
					wh_dlc_gor_bray_shamen_LH	wh_dlc_gor_bray_shamen_running	Battle_Musician_Event	wh_gor_bray_shamen	wood	wh_dlc_gor_bray_shamen_walking		Lord_Hero							false			1.2		true	hero_default	hero_combat	false	0	false	0	0			false	false		
					wh_dlc_gor_malagor_LORD	wh_dlc_gor_malagor_running	Battle_Musician_Event	wh_gor_malagor	wood	wh_dlc_gor_malagor_walking	wh_grp_movement_beast_medium	Lord_Hero							false	wh_grp_foley_movement_beast_light_leather		1.2		true	hero_default	hero_combat	false	0	false	0	0			false	false		
				wh_dlc_gorebeast_idle	wh_dlc_gorebeast	wh_dlc_gorebeast_running	Battle_Musician_Event		wood	wh_dlc_gorebeast_walking	wh_grp_movement_beast_heavy_medium	large							false	wh_grp_foley_movement_beast_medium_segmented		1		true			false	0	false	0	0			false	false		
					wh_dlc_great_eagle		Battle_Musician_Event		wood		wh_grp_movement_beast_medium	large					wh_grp_movement_flying_pegasus	wh_grp_movement_flying_pegasus	false	wh_grp_foley_movement_beast_medium_segmented		1		false			false	0	false	0	0			false	false		
wh_dlc_manticore_combat				wh_dlc_manticore_idle	wh_dlc_manticore	wh_dlc_manticore_running	Battle_Musician_Event		wood	wh_dlc_manticore_walking	wh_grp_movement_beast_heavy	large							false	wh_grp_foley_movement_beast_heavy_leather		1		true			false	0	false	0	0			false	false		
wh_dlc_manticore_combat				wh_dlc_manticore_idle	wh_dlc_manticore_LH	wh_dlc_manticore_running	Battle_Musician_Event		wood	wh_dlc_manticore_walking	wh_grp_movement_beast_heavy	Lord_Hero							false	wh_grp_foley_movement_beast_heavy_leather		1.2		true	hero_default	hero_combat	false	0	false	0	0			false	false		
					wh_dlc_minotaur	wh_dlc_minotaur_running	Battle_Musician_Event		wood	wh_dlc_minotaur_walking	wh_grp_movement_beast_heavy	large							false	wh_grp_foley_movement_beast_heavy_leather	wh_grp_vocalisation_minotaur_idle	1		true			false	0	false	0	0			false	false		
					wh_dlc_mortis_engine		Battle_Musician_Event		metal			war_machine	wh_dlc_vmp_mortis_engine_sfx	wh_dlc_vmp_mortis_engine_sfx	wh_dlc_vmp_mortis_engine_sfx				true			1		true			false	0	false	0	0			false	false		
				wh_dlc_nor_chaos_marauder_chieftan_idle	wh_dlc_nor_chaos_marauder_chieftan_LH	wh_dlc_nor_chaos_marauder_chieftan_running	Battle_Musician_Event	wh_chaos_marauder_chieftan	wood	wh_dlc_nor_chaos_marauder_chieftan_walking		Lord_Hero				wh_chaos_marauder_chieftan			false			1.2		true	hero_default	hero_combat	false	0	false	0	0			false	false		
				wh_dlc_nor_chaos_shaman_sorcerer_idle	wh_dlc_nor_chaos_shaman_sorcerer_LH	wh_dlc_nor_chaos_shaman_sorcerer_running	Battle_Musician_Event	wh_chaos_shaman_sorcerer	wood	wh_dlc_nor_chaos_shaman_sorcerer_walking		Lord_Hero				wh_chaos_shaman_sorcerer			false			1.2		true	hero_default	hero_combat	false	0	false	0	0			false	false		
				wh_dlc_nor_chaos_wulfrik_idle	wh_dlc_nor_chaos_wulfrik_LORD	wh_dlc_nor_chaos_wulfrik_running	Battle_Musician_Event	wh_chaos_wulfrik	wood	wh_dlc_nor_chaos_wulfrik_walking		Lord_Hero							false			1.2		true	hero_default	hero_combat	false	0	false	0	0			false	false		
				wh_dlc_nor_fimir_idle	wh_dlc_nor_fimir	wh_dlc_nor_fimir_running	Battle_Musician_Event		wood	wh_dlc_nor_fimir_walking	wh_grp_movement_beast_heavy	large							false	wh_grp_foley_movement_beast_medium_leather		1		false			false	0	false	0	0			false	false		
					wh_dlc_nor_fimir_LH		Battle_Musician_Event		wood			Lord_Hero							false			1.2		true	hero_default	hero_combat	false	0	false	0	0			false	false		
					wh_dlc_nor_mammoth		Battle_Musician_Event		wood			veryloud							false			1		true		large_creature_combat	false	0	false	0	0			false	false		
				wh_dlc_nor_skin_wolves_idle	wh_dlc_nor_skin_wolves	wh_dlc_nor_skin_wolves_running	Battle_Musician_Event		wood	wh_dlc_nor_skin_wolves_walking	wh_grp_movement_beast_medium	large							false	wh_grp_foley_movement_beast_medium_segmented		1		false			false	0	false	0	0			false	false		
					wh_dlc_nor_skin_wolves_LH	wh_dlc_nor_skin_wolves_running	Battle_Musician_Event		wood	wh_dlc_nor_skin_wolves_walking		Lord_Hero							false			1.2		true	hero_default	hero_combat	false	0	false	0	0			false	false		
				wh_dlc_throgg_idle	wh_dlc_nor_throgg_LORD	wh_dlc_throgg_running	Battle_Musician_Event	wh_dlc_nor_throgg	wood	wh_dlc_throgg_walking		Lord_Hero							false			1.2		true	hero_default	hero_combat	false	0	false	0	0			false	false		
				wh_dlc_squig_idle	wh_dlc_squig	wh_dlc_squig_running	Battle_Musician_Event		wood	wh_dlc_squig_walking	wh_grp_movement_beast_medium	small							false	wh_grp_foley_movement_beast_medium_leather	wh_grp_vocalisation_squig_idle	1		false			false	0	false	0	0			false	false		
				wh_dlc_squig_idle	wh_dlc_squig_LH	wh_dlc_squig_running	Battle_Musician_Event		wood	wh_dlc_squig_walking	wh_grp_movement_beast_light	Lord_Hero							false	wh_grp_foley_movement_beast_light_leather	wh_grp_vocalisation_squig_idle	1.2		true	hero_default	hero_combat	false	0	false	0	0			false	false		
					wh_dlc_ungor	wh_dlc_ungor_running	Battle_Musician_Event		wood	wh_dlc_ungor_walking	wh_grp_movement_humanoid	small							false	wh_grp_foley_movement_beast_light_leather	wh_grp_vocalisation_ungor_idle	1		false			false	0	false	0	0			false	false		
					wh_dlc_wef_dragon_large_forest		Battle_Musician_Event	wh_dlc_wef_dragon_large_forest	wood			veryloud							false			1		true		large_creature_combat	false	0	false	0	0			false	false		
				wh_dlc_wef_dryad_idle	wh_dlc_wef_dryad	wh_dlc_wef_dryad_running	Battle_Musician_Event		wood	wh_dlc_wef_dryad_walking	wh_grp_movement_humanoid	small							false	wh_grp_foley_movement_tree_small	wh_grp_foley_idle_tree_small	1	wh_grp_foley_movement_tree_small	false			false	0	false	0	0			false	false		
				wh_dlc_wef_dryad_idle	wh_dlc_wef_dryad_LH	wh_dlc_wef_dryad_running	Battle_Musician_Event		wood	wh_dlc_wef_dryad_walking	wh_grp_movement_humanoid	Lord_Hero							false	wh_grp_foley_movement_tree_small	wh_grp_foley_idle_tree_small	1.12	wh_grp_foley_movement_tree_small	true	hero_default	hero_combat	false	0	false	0	0			false	false		
		wh_elf_female_fatigue	wh_elf_female_fatigue	wh_elf_female_idle	wh_dlc_wef_elf_female	wh_elf_female_running	Battle_Musician_Event	wh_elf_female	wood	wh_elf_female_walking	wh_grp_movement_humanoid	medium				wh_elf_female			false			1		false			false	0	false	0	0			false	false		
		wh_elf_female_fatigue	wh_elf_female_fatigue	wh_elf_female_idle	wh_dlc_wef_elf_female_LH	wh_elf_female_running	Battle_Musician_Event	wh_elf_female	wood	wh_elf_female_walking	wh_grp_movement_humanoid	Lord_Hero				wh_elf_female			false			1.2		true	hero_default	hero_combat	false	0	false	0	0			false	false		
		wh_elf_male_fatigue	wh_elf_male_fatigue	wh_elf_male_idle	wh_dlc_wef_elf_male	wh_elf_male_running	Battle_Musician_Event		wood	wh_elf_male_walking	wh_grp_movement_humanoid	medium				wh_elf_male			false			1		false			false	0	false	0	0			false	false		
		wh_elf_male_fatigue	wh_elf_male_fatigue	wh_elf_male_idle	wh_dlc_wef_elf_male_LH	wh_elf_male_running	Battle_Musician_Event		wood	wh_elf_male_walking	wh_grp_movement_humanoid	Lord_Hero				wh_elf_male			false			1.2		true	hero_default	hero_combat	false	0	false	0	0			false	false		
				wh_dlc_wef_harpies_idle	wh_dlc_wef_harpies	wh_dlc_wef_harpies_running	Battle_Musician_Event		wood	wh_dlc_wef_harpies_walking	wh_grp_movement_humanoid	small					wh_grp_movement_flying_vargheists	wh_grp_movement_flying_vargheists	false			1		false			false	0	false	0	0			false	false		
				wh_dlc_medium_bird_eagle_idle	wh_dlc_wef_medium_bird_eagle	wh_dlc_medium_bird_eagle_running	Battle_Musician_Event	wh_dlc_wef_medium_bird_eagle	wood	wh_dlc_medium_bird_eagle_walking	wh_grp_movement_beast_medium	large					wh_grp_movement_flying_medium_bird	wh_grp_movement_flying_medium_bird	false			1		true			false	0	false	0	0			false	false		
				wh_dlc_medium_bird_eagle_idle	wh_dlc_wef_medium_bird_eagle_LH	wh_dlc_medium_bird_eagle_running	Battle_Musician_Event	wh_dlc_wef_medium_bird_eagle	wood	wh_dlc_medium_bird_eagle_walking		Lord_Hero							false			1.2		true	hero_default	hero_combat	false	0	false	0	0			false	false		
				wh_dlc_medium_bird_hawk_idle	wh_dlc_wef_medium_bird_hawk	wh_dlc_medium_bird_hawk_running	Battle_Musician_Event	wh_dlc_wef_medium_bird_hawk	wood	wh_dlc_medium_bird_hawk_walking	wh_grp_movement_beast_medium	large					wh_grp_movement_flying_medium_bird	wh_grp_movement_flying_medium_bird	false			1		true			false	0	false	0	0			false	false		
				wh_dlc_medium_bird_hawk_idle	wh_dlc_wef_medium_bird_hawk_LH	wh_dlc_medium_bird_hawk_running	Battle_Musician_Event	wh_dlc_wef_medium_bird_hawk	wood	wh_dlc_medium_bird_hawk_walking		Lord_Hero							false			1.2		true	hero_default	hero_combat	false	0	false	0	0			false	false		
					wh_dlc_wef_orion_LORD		Battle_Musician_Event		wood			Lord_Hero							false			1.2		true			false	0	false	0	0			false	false		
				wh_dlc_wef_stag_normal_idle	wh_dlc_wef_stag	wh_dlc_wef_stag_normal_running	Battle_Musician_Event		wood	wh_dlc_wef_stag_normal_walking	wh_grp_movement_beast_medium	medium							false	wh_grp_foley_movement_horse_leather		1		false			false	0	false	0	0			false	false		
					wh_dlc_wef_stag_LH		Battle_Musician_Event		wood		wh_grp_movement_beast_medium	Lord_Hero							false	wh_grp_foley_movement_horse_leather		1.2		true	hero_default	hero_combat	false	0	false	0	0			false	false		
				wh_dlc_wef_treekin_idle	wh_dlc_wef_treekin	wh_dlc_wef_treekin_running	Battle_Musician_Event	wh_dlc_wef_treekin	wood	wh_dlc_wef_treekin_walking	wh_grp_movement_beast_heavy	large							false	wh_grp_foley_movement_tree_large	wh_grp_foley_idle_tree_large	1	wh_grp_foley_movement_tree_large	true			false	0	false	0	0			false	false		
				wh_dlc_wef_treekin_idle	wh_dlc_wef_treekin_firebark	wh_dlc_wef_treekin_running	Battle_Musician_Event	wh_dlc_wef_treekin	wood	wh_dlc_wef_treekin_walking	wh_grp_movement_beast_heavy	large							false	wh_grp_foley_movement_tree_firebark_large	wh_grp_foley_idle_tree_firebark_large	1	wh_grp_foley_movement_tree_firebark_large	true			false	0	false	0	0			false	false		
					wh_dlc_wef_treeman		Battle_Musician_Event		wood			veryloud							false			1		true		large_creature_combat	false	0	false	0	0			false	false		
					wh_dlc_wef_treeman_LORD		Battle_Musician_Event		wood			veryloud							false			1.05		true		hero_combat	false	0	false	0	0			false	false		
					wh_dragon_large_default		Battle_Musician_Event		wood			veryloud							false			1		true		large_creature_combat	false	0	false	0	0			false	false		
					wh_dragon_large_zombie		Battle_Musician_Event		wood			veryloud							false			1		true		large_creature_combat	false	0	false	0	0			false	false		
				wh_dragon_small_terrorgheist_idle	wh_dragon_small_LH	wh_dragon_small_terrorgheist_running	Battle_Musician_Event		wood	wh_dragon_small_terrorgheist_walking		Lord_Hero							false			1.2		true	hero_default	hero_combat	false	0	false	0	0			false	false		
				wh_dragon_small_terrorgheist_idle	wh_dragon_small_terrorgheist	wh_dragon_small_terrorgheist_running	Battle_Musician_Event	wh_dragon_small_terrogheist	wood	wh_dragon_small_terrorgheist_walking		veryloud							false			1		true		large_creature_combat	false	0	false	0	0			false	false		
				wh_dragon_small_terrorgheist_idle	wh_dragon_small_terrorgheist_LH	wh_dragon_small_terrorgheist_running	Battle_Musician_Event	wh_dragon_small_terrogheist	wood	wh_dragon_small_terrorgheist_walking		Lord_Hero							false			1.2		true	hero_default	hero_combat	false	0	false	0	0			false	false		
				wh_dragon_small_wyvern_idle	wh_dragon_small_wyvern	wh_dragon_small_wyvern_running	Battle_Musician_Event	wh_dragon_small_wyvern	wood	wh_dragon_small_wyvern_walking		veryloud							false			1		true			false	0	false	0	0			false	false		
				wh_dragon_small_wyvern_idle	wh_dragon_small_wyvern_LH	wh_dragon_small_wyvern_running	Battle_Musician_Event	wh_dragon_small_wyvern	wood	wh_dragon_small_wyvern_walking		Lord_Hero							false			1.2		true	hero_default	hero_combat	false	0	false	0	0			false	false		
				wh_dwarf_default_idle	wh_dwarf_default	wh_dwarf_default_running	Battle_Musician_Event	wh_dwarf_default	wood	wh_dwarf_default_walking	wh_grp_movement_humanoid	small				wh_dwarf_default			false			1		false			false	0	false	0	0			false	false		
				wh_dwarf_default_idle	wh_dwarf_default_LH	wh_dwarf_default_running	Battle_Musician_Event	wh_dwarf_default	wood	wh_dwarf_default_walking		Lord_Hero				wh_dwarf_default			false			1.12		true	hero_default	hero_combat	false	0	false	0	0			false	false		
				wh_dwarf_default_idle	wh_dwarf_default_LORD	wh_dwarf_default_running	Battle_Musician_Event	wh_dwarf_default	wood	wh_dwarf_default_walking		Lord_Hero				wh_dwarf_default			false			1.12		true	hero_default	hero_combat	false	0	false	0	0			false	false		
				wh_dwarf_ghost_idle	wh_dwarf_ghost_LH	wh_dwarf_ghost_running	Battle_Musician_Event	wh_dwarf_ghost	wood	wh_dwarf_ghost_walking		Lord_Hero							false			1.12		true	hero_default	hero_combat	false	0	false	0	0			false	false		
				wh_dwarf_grombrindal_idle	wh_dwarf_grombrindal_LORD	wh_dwarf_grombrindal_running	Battle_Musician_Event	wh_dwarf_grombrindal	wood	wh_dwarf_grombrindal_walking		Lord_Hero							false			1.12		true	hero_default	hero_combat	false	0	false	0	0			false	false		
				wh_dwarf_runesmith_idle	wh_dwarf_runemsith	wh_dwarf_runesmith_running	Battle_Musician_Event	wh_dwarf_runesmith	wood	wh_dwarf_runesmith_walking	wh_grp_movement_humanoid	medium				wh_dwarf_runesmith			false			1		false			false	0	false	0	0			false	false		
				wh_dwarf_runesmith_idle	wh_dwarf_runemsith_LH	wh_dwarf_runesmith_running	Battle_Musician_Event	wh_dwarf_runesmith	wood	wh_dwarf_runesmith_walking	wh_grp_movement_humanoid	Lord_Hero				wh_dwarf_runesmith			false			1.12		true	hero_default	hero_combat	false	0	false	0	0			false	false		
				wh_dwarf_throne_of_power_idle	wh_dwarf_throne_of_power_LH	wh_dwarf_throne_of_power_running	Battle_Musician_Event	wh_dwarf_throne_of_power	wood	wh_dwarf_throne_of_power_walking		Lord_Hero							false			1.2		true	hero_default	hero_combat	false	0	false	0	0			false	false		
				wh_dwarf_throne_of_power_idle	wh_dwarf_throne_of_power_LORD	wh_dwarf_throne_of_power_running	Battle_Musician_Event	wh_dwarf_throne_of_power	wood	wh_dwarf_throne_of_power_walking		Lord_Hero							false			1.2		true	hero_default	hero_combat	false	0	false	0	0			false	false		
				wh_empire_balthasar_gelt_idle	wh_empire_balthasar_gelt_LORD	wh_empire_balthasar_gelt_running	Battle_Musician_Event	wh_empire_balthasar_gelt	wood	wh_empire_balthasar_gelt_walking		Lord_Hero							false			1.2		true	hero_default	hero_combat	false	0	false	0	0			false	false		
				wh_fell_bat_idle	wh_fell_bat	wh_fell_bat_running	Battle_Musician_Event		wood	wh_fell_bat_walking	wh_grp_movement_fell_bat	small					wh_grp_movement_fell_bat	wh_grp_movement_fell_bat	false		wh_grp_movement_fell_bat	1		false			false	0	false	0	0			false	false		
				wh_gaint_idle	wh_giant	wh_giant_running	Battle_Musician_Event		wood	wh_giant_walking		veryloud							false			1		true		large_creature_combat	false	0	false	0	0			false	false		
		wh_goblin_fatigue	wh_goblin_fatigue	wh_goblin_idle	wh_goblin	wh_goblin_running	Battle_Musician_Event		wood	wh_goblin_walking	wh_grp_movement_humanoid	small				wh_goblin			false			0.95000005		false			false	0	false	0	0			false	false		
		wh_goblin_fatigue	wh_goblin_fatigue	wh_goblin_idle	wh_goblin_LH	wh_goblin_running	Battle_Musician_Event		wood	wh_goblin_walking		Lord_Hero				wh_goblin			false			1.2		true	hero_default	hero_combat	false	0	false	0	0			false	false		
				wh_griffin_demigryph_idle	wh_griffin	wh_griffin_demigryph_running	Battle_Musician_Event	wh_griffin	wood	wh_griffin_demigryph_walking		large							false			1		true			false	0	false	0	0			false	false		
				wh_griffin_demigryph_LH_idle	wh_griffin_LH	wh_griffin_demigryph_LH_running	Battle_Musician_Event	wh_griffin	wood	wh_griffin_demigryph_LH_walking		Lord_Hero							false			1.1		true	hero_default	hero_combat	false	0	false	0	0			false	false		
				wh_hell_cannon_idle	wh_hell_cannon	wh_hell_cannon_walking	Battle_Musician_Event		wood	wh_hell_cannon_walking		war_machine		wh_war_machine_metal_movement_medium	wh_war_machine_metal_movement_medium				true			1		false			false	0	false	0	0			false	false		
				wh_hell_cannon_idle	wh_hell_cannon_ice_forged_legion	wh_hell_cannon_walking	Battle_Musician_Event		wood	wh_hell_cannon_walking		war_machine		wh_war_machine_metal_movement_medium	wh_war_machine_metal_movement_medium				true			1		false			false	0	false	0	0			false	false		
				wh_griffin_demigryph_idle	wh_hippogryph	wh_griffin_demigryph_running	Battle_Musician_Event	wh_hippogryph	wood	wh_griffin_demigryph_walking		large							false			1		true			false	0	false	0	0			false	false		
				wh_griffin_demigryph_idle	wh_hippogryph_LH	wh_griffin_demigryph_running	Battle_Musician_Event	wh_hippogryph	wood	wh_griffin_demigryph_walking		Lord_Hero							false			1.2		true	hero_default	hero_combat	false	0	false	0	0			false	false		
				wh_horse_ghost_idle	wh_horse_ghost	wh_horse_ghost_running	Battle_Musician_Event	wh_horse_ghost	wood	wh_horse_ghost_walking	wh_grp_movement_horse_ghost	medium							false			1		false			false	0	false	0	0			false	false		
				wh_horse_normal_idle	wh_horse_normal	wh_horse_normal_running	Battle_Musician_Event	wh_horse_normal	wood	wh_horse_normal_walking	wh_grp_movement_horse	medium							false	wh_grp_foley_movement_horse_leather		1		false			false	0	false	0	0			false	false		
					wh_horse_normal_LH				wood			large							false			1.2		true	hero_default	hero_combat	false	0	false	0	0			false	false		
				wh_horse_normal_idle	wh_horse_pegasus	wh_horse_normal_running	Battle_Musician_Event	wh_horse_pegasus	wood	wh_horse_normal_walking	wh_grp_movement_beast_medium	medium					wh_grp_movement_flying_pegasus	wh_grp_movement_flying_pegasus	false	wh_grp_foley_movement_beast_medium_segmented		1		false			false	0	false	0	0			false	false		
				wh_horse_normal_idle	wh_horse_pegasus_LH	wh_horse_normal_running	Battle_Musician_Event	wh_horse_pegasus	wood	wh_horse_normal_walking		Lord_Hero							false	wh_grp_foley_movement_beast_medium_segmented		1.2		true	hero_default	hero_combat	false	0	false	0	0			false	false		
				wh_horse_normal_idle	wh_horse_segmented	wh_horse_normal_running	Battle_Musician_Event	wh_horse_normal	wood	wh_horse_normal_walking	wh_grp_movement_horse	medium							false	wh_grp_foley_movement_horse_segmented		1		false			false	0	false	0	0			false	false		
				wh_horse_normal_idle	wh_horse_segmented_LH	wh_horse_normal_running	Battle_Musician_Event	wh_horse_normal	wood	wh_horse_normal_walking	wh_grp_movement_horse	large							false	wh_grp_foley_movement_horse_segmented		1.2		true	hero_default	hero_combat	false	0	false	0	0			false	false		
				wh_horse_skeleton_idle	wh_horse_skeleton	wh_horse_skeleton_running	Battle_Musician_Event	wh_horse_skeleton	wood	wh_horse_skeleton_running	wh_grp_movement_horse	medium							false	wh_grp_foley_movement_horse_leather		1		false			false	0	false	0	0			false	false		
				wh_horse_skeleton_idle	wh_horse_skeleton_LH	wh_horse_skeleton_running	Battle_Musician_Event	wh_horse_skeleton	wood	wh_horse_skeleton_walking		Lord_Hero							false			1.2		true	hero_default	hero_combat	false	0	false	0	0			false	false		
			wh_human_female_fatigue	wh_human_female_idle	wh_human_female	wh_human_female_running	Battle_Musician_Event	wh_human_female	wood	wh_human_female_walking	wh_grp_movement_humanoid	medium				wh_human_female			false			1		false			false	0	false	0	0			false	false		
			wh_human_female_fatigue	wh_human_female_idle	wh_human_female_LH	wh_human_female_running	Battle_Musician_Event	wh_human_female	wood	wh_human_female_walking	wh_grp_movement_humanoid	Lord_Hero				wh_human_female			false			1.2		true	hero_default	hero_combat	false	0	false	0	0			false	false		
			wh_human_female_fatigue	wh_human_female_idle	wh_human_female_LORD	wh_human_female_running	Battle_Musician_Event	wh_human_female	wood	wh_human_female_walking	wh_grp_movement_humanoid	Lord_Hero				wh_human_female			false			1.2		true	hero_default	hero_combat	false	0	false	0	0			false	false		
		wh_human_male_fatigue	wh_human_male_fatigue	wh_human_male_idle	wh_human_male	wh_human_male_running	Battle_Musician_Event	wh_human_male	wood	wh_human_male_walking	wh_grp_movement_humanoid	medium				wh_human_male			false			1		false			false	0	false	0	0			false	false		
		wh_human_male_fatigue	wh_human_male_fatigue	wh_human_male_idle	wh_human_male_LH	wh_human_male_running	Battle_Musician_Event	wh_human_male	wood	wh_human_male_walking		Lord_Hero				wh_human_male			false			1.2		true	hero_default	hero_combat	false	0	false	0	0			false	false		
		wh_human_male_fatigue	wh_human_male_fatigue	wh_human_male_idle	wh_human_male_LORD	wh_human_male_running	Battle_Musician_Event	wh_human_male	wood	wh_human_male_walking		Lord_Hero				wh_human_male			false			1.2		true	hero_default	hero_combat	false	0	false	0	0			false	false		
		wh_human_male_fatigue	wh_human_male_fatigue	wh_human_male_idle	wh_human_male_LORD_ALT	wh_human_male_running	Battle_Musician_Event	wh_human_male	wood	wh_human_male_walking		Lord_Hero				wh_human_male			false			1.2		true	hero_default	hero_combat	false	0	false	0	0			false	false		
		wh_human_male_fatigue	wh_human_male_fatigue	wh_human_male_idle	wh_human_male_bret_battle_pilgrim	wh_human_male_running	Battle_Musician_Event	wh_human_male	wood	wh_human_male_walking	wh_grp_movement_humanoid	medium				wh_human_male			false	wh_grp_foley_movement_leather_flaming_swords	wh_grp_foley_idle_flaming_swords	1	wh_grp_foley_melee_flaming_swords	false			false	0	false	0	0			false	false		
		wh_human_male_fatigue	wh_human_male_fatigue	wh_human_male_idle	wh_human_male_bret_french	wh_human_male_running	Battle_Musician_Event	wh_human_male	wood	wh_human_male_walking	wh_grp_movement_humanoid	medium				wh_human_male			false			1		false			false	0	false	0	0			false	false		
		wh_human_male_fatigue	wh_human_male_fatigue	wh_human_male_idle	wh_human_male_bret_west_country	wh_human_male_running	Battle_Musician_Event	wh_human_male	wood	wh_human_male_walking	wh_grp_movement_humanoid	medium				wh_human_male			false			1		false			false	0	false	0	0			false	false		
		wh_human_male_fatigue	wh_human_male_fatigue	wh_human_male_idle	wh_human_male_flagellant	wh_human_male_running	Battle_Musician_Event	wh_human_male	wood	wh_human_male_walking	wh_grp_movement_humanoid	medium				wh_human_male			false	wh_grp_foley_movement_segmented_bell		1		false			false	0	false	0	0			false	false		
				wh_lord_of_change_idle	wh_lord_of_change	wh_lord_of_change_running	Battle_Musician_Event		wood	wh_lord_of_change_walking		veryloud							false			1		true		hero_combat	false	0	false	0	0			false	false		
					wh_main_vehicle_steam_turret		Battle_Musician_Event		metal			war_machine			wh_main_vehicle_steam_turret				true			1		false			false	0	false	0	0			false	false		
			wh_necromancer_fatigue	wh_necromancer_idle	wh_necromancer_male	wh_necromancer_running	Battle_Musician_Event	wh_necromancer_male	wood	wh_necromancer_walking	wh_grp_movement_humanoid	medium				wh_necromancer_male			false			1		false			false	0	false	0	0			false	false		
			wh_necromancer_fatigue	wh_necromancer_idle	wh_necromancer_male_LH	wh_necromancer_running	Battle_Musician_Event	wh_necromancer_male	wood	wh_necromancer_walking		Lord_Hero				wh_necromancer_male			false			1.2		true	hero_default	hero_combat	false	0	false	0	0			false	false		
			wh_necromancer_fatigue	wh_necromancer_idle	wh_necromancer_male_LORD	wh_necromancer_running	Battle_Musician_Event	wh_necromancer_male	wood	wh_necromancer_walking		Lord_Hero				wh_necromancer_male			false			1.2		true	hero_default	hero_combat	false	0	false	0	0			false	false		
				wh_gaint_idle	wh_nor_giant	wh_giant_running	Battle_Musician_Event		wood	wh_giant_walking		veryloud							false			1		true		large_creature_combat	false	0	false	0	0			false	false		
		wh_orc_fatigue	wh_orc_fatigue	wh_orc_idle	wh_orc	wh_orc_running	Battle_Musician_Event	wh_orc	wood	wh_orc_walking	wh_grp_movement_humanoid	medium				wh_orc			false			1		false			false	0	false	0	0			false	false		
		wh_orc_fatigue	wh_orc_fatigue	wh_orc_idle	wh_orc_LH	wh_orc_running	Battle_Musician_Event	wh_orc	wood	wh_orc_walking		Lord_Hero				wh_orc			false			1.2		true	hero_default	hero_combat	false	0	false	0	0			false	false		
		wh_orc_fatigue	wh_orc_fatigue	wh_orc_idle	wh_orc_LORD	wh_orc_running	Battle_Musician_Event	wh_orc	wood	wh_orc_walking		Lord_Hero				wh_orc			false			1.2		true	hero_default	hero_combat	false	0	false	0	0			false	false		
				wh_skeleton_idle	wh_skeleton	wh_skeleton_running	Battle_Musician_Event	wh_skeleton	wood	wh_skeleton_walking	wh_grp_movement_humanoid	medium							false			1		false			false	0	false	0	0			false	false		
				wh_skeleton_idle	wh_skeleton_LH	wh_skeleton_running	Battle_Musician_Event	wh_skeleton	wood	wh_skeleton_walking	wh_grp_movement_humanoid	Lord_Hero							false			1.2		true	hero_default	hero_combat	false	0	false	0	0			false	false		
				wh_spawn_idle	wh_spawn	wh_spawn_running	Battle_Musician_Event	wh_spawn	wood	wh_spawn_walking	wh_grp_movement_beast_heavy	large							false	wh_grp_foley_movement_beast_heavy_leather		1		true			false	0	false	0	0			false	false		
				wh_spider_large_idle	wh_spider_large	wh_spider_large_running	Battle_Musician_Event	wh_spider_large	wood	wh_spider_large_walking		veryloud							false			1		true		large_creature_combat	false	0	false	0	0			false	false		
				wh_spider_small_idle	wh_spider_small	wh_spider_small_running	Battle_Musician_Event	wh_spider_small	wood	wh_spider_small_walking	wh_grp_movement_beast_light	medium							false	wh_grp_foley_movement_beast_light_leather		1		false			false	0	false	0	0			false	false		
				wh_tomb_banshee_idle	wh_tomb_banshee	wh_tomb_banshee_running	Battle_Musician_Event		wood	wh_tomb_banshee_walking		medium							false			1		false			false	0	false	0	0			false	false		
				wh_tomb_banshee_idle	wh_tomb_banshee_LH	wh_tomb_banshee_running	Battle_Musician_Event		wood	wh_tomb_banshee_walking		Lord_Hero							false			1.2		true	hero_default	hero_combat	false	0	false	0	0			false	false		
				wh_troll_idle	wh_troll	wh_troll_running	Battle_Musician_Event		wood	wh_troll_walking	wh_grp_movement_beast_heavy	large							false	wh_grp_foley_movement_beast_heavy_leather		1		true			false	0	false	0	0			false	false		
			wh_vampire_blood_knight_running	wh_vampire_blood_knight_idle	wh_vampire_blood_knights	wh_vampire_blood_knight_running	Battle_Musician_Event	wh_chaos_default	wood	wh_vampire_blood_knight_walking	wh_grp_movement_humanoid	medium				wh_chaos_default			false			1		false			false	0	false	0	0			false	false		
			wh_vampire_blood_knight_running	wh_vampire_blood_knight_idle	wh_vampire_blood_knights_LH	wh_vampire_blood_knight_running	Battle_Musician_Event	wh_chaos_default	wood	wh_vampire_blood_knight_walking		Lord_Hero				wh_chaos_default			false			1.2		true	hero_default	hero_combat	false	0	false	0	0			false	false		
			wh_vampire_female_fatigue	wh_vampire_female_idle	wh_vampire_female	wh_vampire_female_running	Battle_Musician_Event	wh_vampire_female	wood	wh_vampire_female_walking	wh_grp_movement_humanoid	medium				wh_vampire_female			false			1		false			false	0	false	0	0			false	false		
			wh_vampire_female_fatigue	wh_vampire_female_idle	wh_vampire_female_LH	wh_vampire_female_running	Battle_Musician_Event	wh_vampire_female	wood	wh_vampire_female_walking	wh_grp_movement_humanoid	Lord_Hero				wh_vampire_female			false			1.2		true	hero_default	hero_combat	false	0	false	0	0			false	false		
			wh_vampire_female_fatigue	wh_vampire_female_idle	wh_vampire_female_LORD	wh_vampire_female_running	Battle_Musician_Event	wh_vampire_female	wood	wh_vampire_female_walking	wh_grp_movement_humanoid	Lord_Hero				wh_vampire_female			false			1.2		true	hero_default	hero_combat	false	0	false	0	0			false	false		
			wh_vampire_male_fatigue	wh_vampire_male_idle	wh_vampire_male	wh_vampire_male_running	Battle_Musician_Event	wh_vampire_male	wood	wh_vampire_male_walking	wh_grp_movement_humanoid	medium				wh_vampire_male			false			1		false			false	0	false	0	0			false	false		
			wh_vampire_male_fatigue	wh_vampire_male_idle	wh_vampire_male_LH	wh_vampire_male_running	Battle_Musician_Event	wh_vampire_male	wood	wh_vampire_male_walking		Lord_Hero				wh_vampire_male			false			1.2		true	hero_default	hero_combat	false	0	false	0	0			false	false		
			wh_vampire_male_fatigue	wh_vampire_male_idle	wh_vampire_male_LORD	wh_vampire_male_running	Battle_Musician_Event	wh_vampire_male	wood	wh_vampire_male_walking		Lord_Hero				wh_vampire_male			false			1.2		true	hero_default	hero_combat	false	0	false	0	0			false	false		
				wh_var_creature_idle	wh_vargheist	wh_var_creatures_running	Battle_Musician_Event	wh_vargheist	wood	wh_var_creatures_walking	wh_grp_movement_beast_medium	large					wh_grp_movement_flying_vargheists	wh_grp_movement_flying_vargheists	false	wh_grp_foley_movement_beast_heavy_leather		1		false			false	0	false	0	0			false	false		
				wh_var_creature_idle	wh_varghulf	wh_var_creatures_running	Battle_Musician_Event	wh_varghulf	wood	wh_var_creatures_walking	wh_grp_movement_beast_medium	veryloud							false			1		true			false	0	false	0	0			false	false		
wh_wooden_creaks			wh_wooden_creaks	wh_wooden_creaks	wh_war_machine_brt_large	wh_wooden_creaks	Battle_Musician_Event		wood			war_machine		wh_war_machine_movement_siege_tower_blades	wh_war_machine_movement_siege_tower_blades				true			1		false			false	0	false	0	0			false	false		
					wh_war_machine_corpse_cart		Battle_Musician_Event		metal			war_machine		wh_war_machine_corpse_cart_movement	wh_war_machine_corpse_cart_movement_rotation				true			1		false			false	0	false	0	0			false	false		
					wh_war_machine_doom_wheel		Battle_Musician_Event		metal			war_machine							true			1		false			false	0	false	0	0			false	false		
					wh_war_machine_flame_cannon		Battle_Musician_Event		metal			war_machine	wh_war_machine_flame_cannon_idle	wh_war_machine_metal_movement_medium	wh_war_machine_metal_movement_medium				true			1		false			false	0	false	0	0			false	false		
					wh_war_machine_luminark		Battle_Musician_Event		wood			war_machine		wh_luminark_movement	wh_luminark_movement_rotation				true			1		false			false	0	false	0	0			false	false		
wh_metal_creaks			wh_metal_creaks	wh_metal_creaks	wh_war_machine_metal_large	wh_metal_creaks	Battle_Musician_Event		metal			war_machine		wh_war_machine_metal_movement_large	wh_war_machine_metal_rotation_large				true			1		false			false	0	false	0	0			false	false		
					wh_war_machine_metal_medium		Battle_Musician_Event		metal			war_machine		wh_war_machine_metal_movement_medium	wh_war_machine_metal_movement_medium				true			1		false			false	0	false	0	0			false	false		
					wh_war_machine_metal_small		Battle_Musician_Event		metal			war_machine		wh_war_machine_metal_movement_small	wh_war_machine_metal_movement_small				true			1		false			false	0	false	0	0			false	false		
					wh_war_machine_steamtank		Battle_Musician_Event		metal			war_machine	wh_war_machine_steamtank_idle	wh_war_machine_steamtank_movement					true			1		false			false	0	false	0	0			false	false		
wh_metal_creaks			wh_metal_creaks	wh_metal_creaks	wh_war_machine_vampire_large	wh_metal_creaks	Battle_Musician_Event		metal			war_machine	wh_war_machine_vampire_idle_large	wh_war_machine_vampire_movement_large	wh_war_machine_vampire_movement_large				true			1		false			false	0	false	0	0			false	false		
wh_wooden_creaks			wh_wooden_creaks	wh_wooden_creaks	wh_war_machine_wef_large	wh_wooden_creaks	Battle_Musician_Event		wood			war_machine		wh_war_machine_wef_movement_large	wh_war_machine_wef_rotation_large				true			1		false			false	0	false	0	0			false	false		
wh_wooden_creaks			wh_wooden_creaks	wh_wooden_creaks	wh_war_machine_wood_large	wh_wooden_creaks	Battle_Musician_Event		wood			war_machine		wh_war_machine_wood_movement_large	wh_war_machine_wood_rotation_large				true			1		false			false	0	false	0	0			false	false		
					wh_war_machine_wood_medium		Battle_Musician_Event		wood			war_machine		wh_war_machine_wood_movement_medium	wh_war_machine_wood_movement_medium				true			1		false			false	0	false	0	0			false	false		
					wh_war_machine_wood_small		Battle_Musician_Event		wood			war_machine		wh_war_machine_wood_movement_small	wh_war_machine_wood_movement_small				true			1		false			false	0	false	0	0			false	false		
				wh_wraith_idle	wh_wraith	wh_wraith_running	Battle_Musician_Event		wood	wh_wraith_walking	wh_grp_movement_ghost	medium							false			1		false			false	0	false	0	0			false	false		
				wh_zombie_idle	wh_zombie	wh_zombie_running	Battle_Musician_Event	wh_zombie	wood	wh_zombie_walking	wh_grp_movement_humanoid	medium				wh_zombie			false			1		false			false	0	false	0	0			false	false		
