cdir_events_incident_payloads_tables	1
id	incident_key	payload_key	value
1002879889	wh2_main_incident_encounter_at_sea_2_b_tmb	TREASURY	AMOUNT[2500]
1007895434	wh2_dlc11_treasure_hunt_puzzle_success_puzzle_3_4	TREASURY	AMOUNT[1000]
1020659415	wh2_main_incident_intrigue_hef_negative_2b	DIPLOMATIC_STANDING	AMOUNT[-5]
1021294827	wh2_dlc11_treasure_hunt_puzzle_success_puzzle_2_5	TREASURY	AMOUNT[1000]
1022833792	wh2_main_incident_intercontinental_diplomacy	TEXT_DISPLAY	LOOKUP[dummy_wh2_main_incident_intercontinental_diplomacy]
1022895802	wh2_dlc11_cst_incident_perfect_cover	wh2_dlc11_payload_incident_perfect_cover	DURATION[15]
1028599520	wh2_dlc10_death_night_free_slave	FACTION_SLAVES_CHANGE	AMOUNT[500]
1030782782	wh2_main_incident_encounter_at_sea_3_a_tmb	TREASURY	AMOUNT[3000]
1032308149	wh2_dlc11_treasure_hunt_puzzle_success_puzzle_1_4	TREASURY	AMOUNT[1000]
1036424521	wh2_main_incident_skv_damage_building	DAMAGE_BUILDING	MIN[1];MAX[2]
1041495921	wh2_dlc11_cst_harkon_mind_change_mad	wh2_dlc11_harkon_mind_dummy_mad	DURATION[0]
10420	wh_main_incident_grn_over-gyrating_shaman	WOUND_CHARACTER	
1042273919	wh2_main_incident_encounter_at_sea_3_c_tmb	wh2_main_encounter_at_sea_campaign_treasure_2	DURATION[6]
10426	wh_main_incident_all_abandoned_settlement	wh_main_payload_growth_negative_province	DURATION[3]
10434	wh_main_incident_all_abandoned_settlement	TARGET	EVENT
1045465112	wh2_main_incident_encounter_at_sea_3_c_nor	TREASURY	AMOUNT[2500]
1047168186	wh2_main_incident_encounter_at_sea_3_c	ADD_ANCILLARY	RANDOM_ANCILLARY;TARGET_OWNING_FACTION
1056351596	wh2_dlc11_incident_cst_sea_shanty_gained_2	wh2_dlc11_payload_sea_shanty_verse_2	DURATION[0]
1059086349	wh2_main_incident_hef_morale_down_recruitment_cost_increase	wh2_main_incident_hef_morale_down_recruitment_cost_increase	DURATION[3]
1059264891	wh2_dlc11_treasure_hunt_puzzle_success_puzzle_3_3	TREASURY	AMOUNT[1000]
106354345	wh2_main_encounter_at_sea_combat_3	wh2_main_encounter_at_sea_combat_3_dummy	DURATION[10]
1066044277	wh2_main_incident_encounter_at_sea_1_a	TREASURY	AMOUNT[8000]
1073178541	wh2_dlc11_treasure_hunt_puzzle_success_puzzle_2_4	TREASURY	AMOUNT[1000]
1075102369	wh2_main_incident_lzd_growth_down	wh_main_payload_growth_negative_province	DURATION[3]
1076862534	wh2_main_encounter_at_sea_combat_3_tmb	TREASURY	AMOUNT[1000]
1078581708	wh2_dlc11_treasure_hunt_puzzle_success_puzzle_3_5	TREASURY	AMOUNT[1000]
1082686940	wh2_main_incident_skv_warp_unit_recruitment_cost_down	wh2_main_incident_skv_warp_unit_recruitment_cost_down	DURATION[4]
1083644831	wh2_main_incident_intrigue_any_negative_2b	DIPLOMATIC_STANDING	AMOUNT[-5]
1087560648	wh2_main_incident_lzd_morale_up_public_order_up	TARGET	EVENT
1087699996	wh2_main_incident_encounter_at_sea_2_b	TREASURY	AMOUNT[5000]
1088001493	wh2_main_incident_lzd_public_order_down	wh_main_payload_public_order_negative_province	DURATION[4]
10912	wh_main_emp_balthasar_gelt_cloak_of_molten_metal_stage_5	DAMAGE_CHARACTER	AMOUNT[50]
10916	wh_main_incident_all_thawing_relations	DIPLOMATIC_STANDING	AMOUNT[2]
10929	wh_main_incident_all_honour_thy_neighbours	DIPLOMATIC_STANDING	AMOUNT[2]
10934	wh_main_incident_all_drought	wh_main_payload_growth_negative_province	DURATION[3];GLOBAL
10941	wh_main_incident_all_drought	TARGET	EVENT
10945	wh_main_incident_all_drought_continues	TARGET	EVENT
10947	wh_main_incident_all_drought_continues	wh_main_payload_growth_negative_province	DURATION[3];GLOBAL
10954	wh_main_incident_all_earthquake	wh_main_payload_disaster_earthquake_region	DURATION[3];GLOBAL
10961	wh_main_incident_all_earthquake	TARGET	EVENT
10969	wh_main_incident_all_famine	wh_main_payload_growth_negative_province	DURATION[3];GLOBAL
10970	wh_main_incident_all_famine	TARGET	EVENT
10976	wh_main_incident_all_fire	DAMAGE_BUILDING	MIN[1];MAX[2]
1098364349	wh2_main_dilemma_treasure_hunt_trapped_survivor_2_a_spy	TARGET	CAPITAL
10985	wh_main_incident_all_fire	TARGET	EVENT
1098870043	wh2_dlc11_treasure_hunt_puzzle_success_puzzle_3_12	ADD_ANCILLARY	RANDOM_ANCILLARY;TARGET_OWNING_FACTION
10994	wh_main_incident_all_flooding	wh_main_payload_disaster_flood_region	DURATION[3];GLOBAL
10999	wh_main_incident_all_flooding	TARGET	EVENT
11009	wh_main_incident_all_volcanic_eruption	wh_main_payload_disaster_eruption_region	DURATION[3];GLOBAL
11019	wh_main_incident_all_volcanic_eruption	TARGET	EVENT
11029	wh_main_incident_all_let_the_games_begin	TARGET	EVENT
11031	wh_main_incident_all_let_the_games_begin	wh_main_payload_public_order_positive_province	DURATION[3];GLOBAL
11039	wh_main_incident_all_exodus	wh_main_payload_growth_negative_province	DURATION[3];GLOBAL
11040	wh_main_incident_all_exodus	TARGET	EVENT
11048	wh_main_incident_all_festag	wh_main_payload_festag_faction	DURATION[3];GLOBAL
11053	wh_main_incident_all_festag	TARGET	EVENT
11057	wh_main_incident_all_refugees	TARGET	EVENT
11062	wh_main_incident_all_refugees	wh_main_payload_growth_positive_province	DURATION[3];GLOBAL
11070	wh_main_incident_all_face_of_the_dark_moon	wh_main_payload_public_order_negative_province	DURATION[3];GLOBAL
11077	wh_main_incident_all_face_of_the_dark_moon	TARGET	EVENT
11083	wh_main_incident_all_destruction_of_the_shrines	DAMAGE_BUILDING	MIN[1];MAX[2]
11088	wh_main_incident_all_destruction_of_the_shrines	TARGET	EVENT
11095	wh_main_incident_all_restless_spirits	TARGET	EVENT
11102	wh_main_incident_all_restless_spirits	wh_main_payload_public_order_negative_province	DURATION[3];GLOBAL
11112	wh_main_incident_all_blizzard	TARGET	EVENT
1111235343	wh2_main_incident_hef_campign_movement_up	wh2_main_incident_hef_campign_movement_up	DURATION[5]
11116	wh_main_incident_all_blizzard	wh_main_payload_disaster_blizzard_region	DURATION[3];GLOBAL
11117	wh_main_incident_all_brigands	TARGET	EVENT
11125	wh_main_incident_all_brigands	wh_main_payload_gdp_negative_region	DURATION[3];GLOBAL
11126	wh_main_incident_all_lost	TARGET	EVENT
11131	wh_main_incident_all_lost	wh_main_payload_setback_lost_force	DURATION[3];GLOBAL
11140	wh_main_incident_all_piracy	wh_main_payload_piracy_faction	DURATION[3]
1114714493	wh2_main_incident_all_replenish_rate_down_recruitment_cost_down	wh2_main_incident_all_replenish_rate_down_recruitment_cost_down	DURATION[3]
11150	wh_main_incident_all_arcane_fulcrum	wh_main_payload_event_arcane_fulcrum	DURATION[3];GLOBAL
11160	wh_main_incident_all_storm_of_magic	TARGET	EVENT
11162	wh_main_incident_all_storm_of_magic	wh_main_payload_disaster_storm_of_magic	DURATION[3];GLOBAL
11171	wh_main_incident_all_beastmen_raids	DAMAGE_BUILDING	MIN[1];MAX[2]
11176	wh_main_incident_all_beastmen_raids	TARGET	EVENT
11177	wh_main_incident_all_nurgles_rot	wh_main_payload_growth_negative_province	DURATION[3];GLOBAL
11178	wh_main_incident_all_nurgles_rot	TARGET	EVENT
11183	wh_main_incident_all_slaver_raids	wh_main_payload_piracy_faction	DURATION[3]
11187	wh_main_incident_all_chimera_frenzy	TARGET	EVENT
11194	wh_main_incident_all_chimera_frenzy	wh_main_payload_public_order_negative_province	DURATION[3];GLOBAL
1119848296	wh2_dlc11_incident_neo_encounter_at_sea_1_b_nor	TREASURY	AMOUNT[500]
11202	wh_main_incident_all_wandering_monster	TARGET	EVENT
1120619106	wh2_main_incident_intrigue_hef_negative_2a	DIPLOMATIC_STANDING	AMOUNT[-5]
11209	wh_main_incident_all_wandering_monster	wh_main_payload_growth_negative_province	DURATION[3];GLOBAL
11218	wh_main_incident_all_godly_wrath	wh_main_payload_public_order_negative_province	DURATION[3];GLOBAL
11219	wh_main_incident_all_godly_wrath	TARGET	EVENT
11221	wh_main_incident_all_cataclysm_spell	DAMAGE_BUILDING	MIN[1];MAX[4]
11222	wh_main_incident_all_cataclysm_spell	TARGET	EVENT
11228	wh_main_incident_all_warpstone_showers	TARGET	EVENT
11230	wh_main_incident_all_warpstone_showers	wh_main_payload_growth_negative_province	DURATION[3];GLOBAL
11231	wh_main_incident_emp_behold_the_twin-tailed_comet	TARGET	EVENT
11233	wh_main_incident_emp_behold_the_twin-tailed_comet	wh_main_payload_event_twin-tailed_comet_good	DURATION[3];GLOBAL
11234	wh_main_incident_emp_beware_the_twin-tailed_comet	TARGET	EVENT
11236	wh_main_incident_emp_beware_the_twin-tailed_comet	wh_main_payload_event_twin-tailed_comet_bad	DURATION[3];GLOBAL
11239	wh_main_incident_emp_geheimnisnacht	TARGET	EVENT
11248	wh_main_incident_emp_geheimnisnacht	wh_main_payload_event_geheimnisnacht	DURATION[3];GLOBAL
11253	wh_main_incident_emp_ogre_mercenaries	DAMAGE_BUILDING	MIN[1];MAX[2]
11262	wh_main_incident_emp_ogre_mercenaries	TARGET	EVENT
1126269212	wh2_main_incident_skv_growth_down	TARGET	EVENT
11267	wh_main_incident_emp_declare_heresy	SPAWN_AGENT	AGENT[spy];AP_FACTOR[1.0]
11268	wh_main_incident_emp_declare_heresy	TARGET	CAPITAL
11297	wh_main_incident_emp_elector_sues_for_peace	wh_main_payload_event_elector_count	DURATION[3]
11306	wh_main_incident_emp_tide_of_flagellants	TARGET	EVENT
11311	wh_main_incident_emp_tide_of_flagellants	wh_main_payload_growth_negative_province	DURATION[3];GLOBAL
11318	wh_main_incident_emp_tzeentchian_cult	TARGET	EVENT
11327	wh_main_incident_emp_tzeentchian_cult	wh_main_payload_event_tzeentchian_cult	DURATION[3];GLOBAL
11331	wh_main_incident_emp_famine_in_the_moot	TARGET	EVENT
1133877796	wh2_dlc11_treasure_hunt_puzzle_success_puzzle_2_5	ADD_ANCILLARY	RANDOM_ANCILLARY;TARGET_OWNING_FACTION
11341	wh_main_incident_emp_famine_in_the_moot	wh_main_payload_growth_negative_province	DURATION[3];GLOBAL
11346	wh_main_incident_emp_the_bray-herds_come	wh_main_payload_event_bray-herds	DURATION[3]
11355	wh_main_incident_emp_something_from_the_sewers	TARGET	EVENT
11356	wh_main_incident_emp_something_from_the_sewers	wh_main_payload_growth_negative_province	DURATION[3];GLOBAL
11366	wh_main_incident_emp_something_from_the_sewers	DAMAGE_BUILDING	MIN[1];MAX[2]
11376	wh_main_incident_emp_rogue_necromancer_revealed	TARGET	EVENT
11380	wh_main_incident_emp_rogue_necromancer_revealed	wh_main_payload_event_rogue_necromancer	DURATION[3];GLOBAL
1138414620	wh2_main_incident_lzd_agent_wizard	TARGET	CAPITAL
11397	wh_main_incident_emp_noble_plot	TARGET	EVENT
11401	wh_main_incident_emp_noble_plot	REBELLION	
11402	wh_main_incident_emp_threaten_to_secede	wh_main_payload_public_order_negative_province	DURATION[3];GLOBAL
1140700597	wh2_main_incident_intrigue_any_negative_3a	DIPLOMATIC_STANDING	AMOUNT[-6]
11408	wh_main_incident_emp_threaten_to_secede	TARGET	EVENT
11414	wh_main_incident_emp_the_burgomeisters_demands	wh_main_payload_event_burgomeisters_demands	DURATION[3]
11419	wh_main_incident_emp_peasants_revolt	wh_main_payload_public_order_negative_province	DURATION[3];GLOBAL
11423	wh_main_incident_emp_peasants_revolt	TARGET	EVENT
11430	wh_main_incident_emp_black_powder_store_explodes	DAMAGE_BUILDING	MIN[1];MAX[2]
11431	wh_main_incident_emp_black_powder_store_explodes	TARGET	EVENT
1144760984	wh2_dlc11_incident_neo_encounter_at_sea_3_a	TREASURY	AMOUNT[1000]
115047599	wh2_main_incident_encounter_at_sea_4_a_tmb	TREASURY	AMOUNT[10000]
1151913353	wh_dlc08_incident_nor_midnight_sun	wh_dlc08_payload_event_midnight_sun	DURATION[10]
11534	wh_main_incident_grn_night_of_da_bloody_long_stabbas	SPAWN_AGENT	AGENT[spy];AP_FACTOR[1.0]
11538	wh_main_incident_grn_night_of_da_bloody_long_stabbas	TARGET	CAPITAL
1153932049	wh2_main_incident_def_army_morale_down_recruitment_cost_up	wh2_main_incident_def_army_morale_down_recruitment_cost_up	DURATION[3]
11542	wh_main_incident_grn_itz_kinda_magic	SPAWN_AGENT	AGENT[wizard];AGENT_SUBTYPE[grn_night_goblin_shaman];AP_FACTOR[1.0]
1154711540	wh2_main_incident_def_growth_down	TARGET	EVENT
11549	wh_main_incident_grn_itz_kinda_magic	TARGET	CAPITAL
11550	wh_main_incident_grn_da_bosses_are_not_appy	TARGET	EVENT
11552	wh_main_incident_grn_da_bosses_are_not_appy	REBELLION	
11567	wh_main_incident_grn_mad_cap_mushroom_shortage	wh_main_payload_event_mad_cap_mushroom_shortage	DURATION[3]
11584	wh_main_incident_grn_troll_migration	wh_main_payload_event_troll_migration	DURATION[3]
11594	wh_main_incident_grn_snotlings_underfoot	TARGET	EVENT
11602	wh_main_incident_grn_snotlings_underfoot	wh_main_payload_growth_negative_province	DURATION[3];GLOBAL
11614	wh_main_incident_grn_da_great_green_prophet	wh_main_payload_event_da_great_green_prophet	DURATION[3]
11620	wh_main_incident_grn_da_great_green_prophet_bad	wh_main_payload_event_da_great_green_prophet_bad	DURATION[3]
11625	wh_main_incident_grn_da_bad_moon	TARGET	EVENT
11635	wh_main_incident_grn_da_bad_moon	wh_main_payload_public_order_negative_province	DURATION[3];GLOBAL
11644	wh_main_incident_grn_gorks_zoggin_foot	DAMAGE_BUILDING	MIN[1];MAX[2]
11647	wh_main_incident_grn_gorks_zoggin_foot	TARGET	EVENT
11650	wh_main_incident_grn_spider_boom	wh_main_payload_event_spider_boom	DURATION[3];GLOBAL
11653	wh_main_incident_grn_spider_boom	TARGET	EVENT
1165305579	wh2_main_incident_intrigue_skv_positive_1b	DIPLOMATIC_STANDING	AMOUNT[4]
11658	wh_main_incident_grn_sneaky_gobbos	wh_main_payload_event_sneaky_gobbos	DURATION[3]
11679	wh_main_incident_grn_dung_pile_explosion	DAMAGE_BUILDING	MIN[1];MAX[2]
11687	wh_main_incident_grn_dung_pile_explosion	TARGET	EVENT
11693	wh_main_incident_grn_squig_rampage	wh_main_payload_event_squig_rampage	DURATION[3];GLOBAL
11697	wh_main_incident_grn_squig_rampage	TARGET	EVENT
11702	wh_main_incident_grn_glowing_idol	TARGET	EVENT
11709	wh_main_incident_grn_glowing_idol	wh_main_payload_public_order_positive_province	DURATION[3];GLOBAL
11711	wh_main_incident_grn_dwarf_expeditionary_throng	DAMAGE_BUILDING	MIN[1];MAX[2]
11714	wh_main_incident_grn_dwarf_expeditionary_throng	TARGET	EVENT
11718	wh_main_incident_grn_gobbo_riots	TARGET	EVENT
11724	wh_main_incident_grn_gobbo_riots	wh_main_payload_public_order_negative_province	DURATION[3];GLOBAL
11733	wh_main_incident_grn_the_hobgobbla_khan	TARGET	EVENT
11741	wh_main_incident_grn_the_hobgobbla_khan	DAMAGE_BUILDING	MIN[1];MAX[2]
11743	wh_main_incident_emp_the_colleges_endorsement	SPAWN_AGENT	AGENT[wizard];AGENT_SUBTYPE[emp_light_wizard];AP_FACTOR[1.0]
11745	wh_main_incident_emp_backing_of_the_military	TARGET	CAPITAL
11748	wh_main_incident_emp_favoured_of_the_cult	SPAWN_AGENT	AGENT[dignitary];AP_FACTOR[1.0]
11751	wh_main_incident_emp_the_colleges_endorsement	TARGET	CAPITAL
11755	wh_main_incident_emp_backing_of_the_military	SPAWN_AGENT	AGENT[champion];AP_FACTOR[1.0]
11760	wh_main_incident_emp_favoured_of_the_cult	TARGET	CAPITAL
11770	wh_main_incident_all_recruiting_shortage	wh_main_payload_event_recruiting_shortage	DURATION[3]
11773	wh_main_incident_all_recruiting_surplus	wh_main_payload_event_recruiting_surplus	DURATION[3]
11786	wh_main_incident_dwf_guild_inspector	SPAWN_AGENT	AGENT[engineer];AP_FACTOR[1.0]
11795	wh_main_incident_dwf_worker_of_the_runes	TARGET	CAPITAL
11799	wh_main_incident_dwf_guild_inspector	TARGET	CAPITAL
1180383176	wh2_dlc11_treasure_hunt_puzzle_success_puzzle_2_4	ADD_ANCILLARY	RANDOM_ANCILLARY;TARGET_OWNING_FACTION
11807	wh_main_incident_dwf_worker_of_the_runes	SPAWN_AGENT	AGENT[runesmith];AP_FACTOR[1.0]
11816	wh_main_incident_dwf_rise_of_the_thane	TARGET	CAPITAL
1181814126	wh2_main_incident_hef_building_cost_down	wh2_main_incident_hef_building_cost_down	DURATION[5]
11825	wh_main_incident_dwf_rise_of_the_thane	SPAWN_AGENT	AGENT[champion];AP_FACTOR[1.0]
11827	wh_main_incident_dwf_brewery_runs_dry	wh_main_payload_public_order_negative_province	DURATION[3];GLOBAL
11835	wh_main_incident_dwf_brewery_runs_dry	TARGET	EVENT
11836	wh_main_incident_dwf_seal_the_hold	TARGET	EVENT
11843	wh_main_incident_dwf_seal_the_hold	wh_main_payload_event_seal_the_hold	DURATION[3];GLOBAL
11848	wh_main_incident_dwf_something_in_the_deeps	wh_main_payload_public_order_negative_province	DURATION[3];GLOBAL
11858	wh_main_incident_dwf_something_in_the_deeps	wh_main_payload_growth_negative_province	DURATION[3];GLOBAL
11864	wh_main_incident_dwf_something_in_the_deeps	TARGET	EVENT
1187027601	wh2_main_incident_def_growth_down	wh_main_payload_growth_negative_province	DURATION[4]
11872	wh_main_incident_dwf_slayer_pilgrimage	wh_main_payload_event_slayer_pilgrimage	DURATION[3]
1187204901	wh2_main_incident_intrigue_any_negative_1a	DIPLOMATIC_STANDING	AMOUNT[-4]
11878	wh_main_incident_dwf_clanless_dwarfs	wh_main_payload_growth_positive_province	DURATION[3];GLOBAL
11884	wh_main_incident_dwf_clanless_dwarfs	TARGET	EVENT
11891	wh_main_incident_dwf_clan_honour	TREASURY	AMOUNT[-750]
11900	wh_main_incident_dwf_underway_upgraded	TARGET	EVENT
11910	wh_main_incident_dwf_underway_upgraded	wh_main_payload_event_underway_upgraded	DURATION[3];GLOBAL
11923	wh_main_incident_dwf_lost_halls_reclaimed	wh_main_payload_growth_positive_province	DURATION[3];GLOBAL
11925	wh_main_incident_dwf_lost_halls_reclaimed	TARGET	EVENT
1192738532	wh2_main_encounter_at_sea_campaign_3_tmb	wh2_main_encounter_at_sea_campaign_3_dummy	DURATION[10]
11934	wh_main_incident_dwf_a_reckoner_comes	wh_main_payload_gdp_negative_region	DURATION[3];GLOBAL
11940	wh_main_incident_dwf_a_reckoner_comes	TARGET	EVENT
11949	wh_main_incident_dwf_drakk_attack	TARGET	EVENT
11957	wh_main_incident_dwf_drakk_attack	wh_main_payload_growth_negative_province	DURATION[3];GLOBAL
11967	wh_main_incident_dwf_drakk_attack	DAMAGE_BUILDING	MIN[1];MAX[2]
11979	wh_main_incident_dwf_sky_saboteur	wh_main_payload_event_sky_saboteur	DURATION[3]
1198447513	wh2_dlc11_treasure_hunt_puzzle_success_puzzle_4_1	TREASURY	AMOUNT[1000]
11985	wh_main_incident_dwf_gromril_seam	TREASURY	AMOUNT[2000]
11993	wh_main_incident_dwf_dwarf_maidens_emigrate	TARGET	EVENT
11994	wh_main_incident_dwf_dwarf_maidens_emigrate	wh_main_payload_growth_negative_province	DURATION[3];GLOBAL
12002	wh_main_incident_dwf_workshop_explosion	TARGET	EVENT
12003	wh_main_incident_dwf_workshop_explosion	DAMAGE_BUILDING	MIN[1];MAX[2]
12017	wh_main_incident_dwf_the_slayer_oath	TREASURY	AMOUNT[-500]
12019	wh_main_incident_dwf_the_slayer_oath	wh_main_payload_event_the_slayer_oath	DURATION[3]
1202026875	wh2_dlc11_cst_incident_mass_exodus	wh2_dlc11_payload_incident_mass_exodus	DURATION[3]
12021	wh_main_incident_dwf_clan_trouble	wh_main_payload_public_order_negative_province	DURATION[3];GLOBAL
12022	wh_main_incident_dwf_clan_trouble	TARGET	EVENT
12027	wh_main_incident_dwf_guild_support	TREASURY	AMOUNT[1500]
1203316966	wh2_dlc11_treasure_hunt_puzzle_success_puzzle_3_10	TREASURY	AMOUNT[1000]
1203758101	wh2_main_incident_intrigue_skv_positive_3a	DIPLOMATIC_STANDING	AMOUNT[6]
12041	wh_main_incident_dwf_a_map_of_karak_zorn	TREASURY	AMOUNT[-1500]
12046	wh_main_incident_dwf_thaggoraki_incursion	TARGET	EVENT
12050	wh_main_incident_dwf_thaggoraki_incursion	DAMAGE_BUILDING	MIN[1];MAX[2]
12051	wh_main_emp_karl_franz_silver_seal_stage_2	TARGET	EVENT
12052	wh_main_emp_karl_franz_silver_seal_stage_2	wh_main_payload_disaster_flood_region	DURATION[5];GLOBAL
12060	wh_main_incident_vmp_the_grave_harridans_come	TARGET	CAPITAL
12069	wh_main_incident_vmp_the_grave_harridans_come	SPAWN_AGENT	AGENT[spy];AP_FACTOR[1.0]
12078	wh_main_incident_vmp_a_new_sire	TARGET	CAPITAL
12087	wh_main_incident_vmp_a_new_sire	SPAWN_AGENT	AGENT[dignitary];AP_FACTOR[1.0]
12090	wh_main_incident_vmp_summon_the_barrow_lords	TARGET	CAPITAL
12097	wh_main_incident_vmp_summon_the_barrow_lords	SPAWN_AGENT	AGENT[champion];AP_FACTOR[1.0]
12098	wh_main_incident_vmp_call_to_dark_magic_users	TARGET	CAPITAL
12105	wh_main_incident_vmp_call_to_dark_magic_users	SPAWN_AGENT	AGENT[wizard];AP_FACTOR[1.0]
12111	wh_main_incident_vmp_family_strife	wh_main_payload_gdp_negative_region	DURATION[3]
1211340400	wh2_dlc09_tmb_incident_unearthed_knowledge	wh2_dlc09_payload_incident_unearthed_knowledge	DURATION[10]
12116	wh_main_incident_vmp_family_strife	TARGET	EVENT
12123	wh_main_incident_vmp_count_noctilus	TREASURY	AMOUNT[-850]
12124	wh_main_incident_vmp_peasant_revolt	wh_main_payload_gdp_negative_region	DURATION[3]
12126	wh_main_incident_vmp_peasant_revolt	TARGET	EVENT
12136	wh_main_incident_vmp_blood_dragons	wh_main_payload_training_cavalry	DURATION[3]
12139	wh_main_incident_vmp_witch_hunter_incursion	wh_main_payload_event_witch_hunter_incursion	DURATION[3];GLOBAL
12141	wh_main_incident_vmp_witch_hunter_incursion	TARGET	EVENT
12147	wh_main_incident_vmp_strigoi_ghoul_swarm	wh_main_payload_event_ghoul_swarm	DURATION[3]
12161	wh_main_incident_vmp_lahmian_visit	TARGET	EVENT
1216104894	wh2_dlc11_cst_harkon_mind_change_hateful	wh2_dlc11_harkon_mind_dummy_hateful	DURATION[0]
12164	wh_main_incident_vmp_lahmian_visit	wh_main_payload_gdp_positive_region	DURATION[3];GLOBAL
1216919014	wh2_main_incident_encounter_at_sea_3_b_tmb	TREASURY	AMOUNT[2500]
1217042094	wh2_main_incident_all_recruitment_cost_up_unit_exp_up	wh2_main_incident_all_recruitment_cost_up_unit_exp_up	DURATION[3]
12182	wh_main_incident_vmp_hexensnacht	wh_main_payload_event_hexensnacht	DURATION[3]
12188	wh_main_incident_vmp_curse_of_morr	TARGET	EVENT
12192	wh_main_incident_vmp_curse_of_morr	wh_main_payload_event_curse_of_morr	DURATION[3]
1219796645	wh2_main_incident_intrigue_skv_negative_3a	DIPLOMATIC_STANDING	AMOUNT[-6]
12200	wh_main_incident_vmp_influence_of_nagash	wh_main_payload_event_influence_of_nagash	DURATION[3]
12206	wh_main_incident_vmp_fresh_corpses	TARGET	EVENT
12210	wh_main_incident_vmp_fresh_corpses	wh_main_payload_event_fresh_corpses	DURATION[3];GLOBAL
1221448833	wh2_main_incident_lzd_melee_infantry_melee_defense_up	wh_main_payload_training_infantry_melee	DURATION[3]
12218	wh_main_incident_vmp_the_meddling_of_wizards	TARGET	EVENT
12219	wh_main_incident_vmp_the_meddling_of_wizards	wh_main_payload_event_meddling_of_wizards	DURATION[3];GLOBAL
12229	wh_main_incident_vmp_bring_forth_the_dead	TARGET	EVENT
1222939530	wh2_dlc11_incident_neo_encounter_at_sea_4_a	TREASURY	AMOUNT[1500]
12235	wh_main_incident_vmp_bring_forth_the_dead	wh_main_payload_event_bring_forth_the_dead	DURATION[3];GLOBAL
12244	wh_main_incident_vmp_eternal_night	wh_main_payload_morale_all	DURATION[3]
1224497925	wh2_dlc10_monster_hunt_9_stage_2	TREASURY	AMOUNT[8000]
12248	wh_main_incident_vmp_whispers_of_vlad	TARGET	EVENT
12250	wh_main_incident_vmp_whispers_of_vlad	wh_main_payload_growth_negative_province	DURATION[3];GLOBAL
1225769482	wh2_dlc11_treasure_hunt_puzzle_success_puzzle_3_7	TREASURY	AMOUNT[1000]
1225850344	wh2_dlc09_tmb_incident_jungle_warriors	wh2_dlc09_payload_incident_jungle_warriors	DURATION[10]
12260	wh_main_incident_vmp_dire_wolf_packs	TARGET	EVENT
12261	wh_main_incident_vmp_dire_wolf_packs	wh_main_payload_event_dire_wolf_packs	DURATION[3];GLOBAL
12271	wh_main_incident_vmp_grave_rot	TARGET	EVENT
12274	wh_main_incident_vmp_grave_rot	wh_main_payload_event_grave_rot	DURATION[3];GLOBAL
1227631649	wh_dlc08_qb_nor_monster_hunt_2_stage_3b	TREASURY	AMOUNT[-1500]
12293	wh_main_incident_vmp_dark_nexus	wh_main_payload_event_dark_nexus	DURATION[3]
12304	wh_main_incident_vmp_ambitious_necromancer	CHARACTER_EXPERIENCE	AMOUNT[1500]
12312	wh_main_incident_vmp_missing_tome	TREASURY	AMOUNT[3000]
12314	wh_dlc01_incident_chs_eye_of_the_gods	wh_main_payload_event_eye_of_the_gods	DURATION[3];GLOBAL
1231832020	wh2_dlc09_tmb_incident_cache_of_asaph	wh2_dlc09_payload_incident_cache_of_asaph	DURATION[10]
12324	wh_dlc01_incident_chs_eye_of_the_gods	TARGET	EVENT
123258991	wh2_main_incident_lzd_damage_building	TARGET	EVENT
12329	wh_dlc01_incident_chs_eye_of_the_gods_bad	wh_main_payload_event_eye_of_the_gods_bad	DURATION[3];GLOBAL
12335	wh_dlc01_incident_chs_vorpal_hurricane_of_chaos	wh_main_payload_event_chs_horde_growth	DURATION[3]
12340	wh_dlc01_incident_chs_temple_of_skulls	wh_main_payload_event_temple_of_skulls	DURATION[3]
12352	wh_dlc01_incident_chs_intertribal_warfare	wh_main_payload_event_chs_horde_growth	DURATION[3]
1235806741	wh2_main_incident_encounter_at_sea_1_b	TEXT_DISPLAY	LOOKUP[dummy_wh2_main_encounter_at_sea_2]
12365	wh_dlc01_incident_chs_eye_of_the_gods_bad	TARGET	EVENT
12380	wh_dlc01_incident_chs_honour_of_khorne	wh_main_payload_morale_versus_empire_negative	DURATION[3]
1239242850	wh2_main_incident_encounter_at_sea_3_c_nor	wh2_main_encounter_at_sea_campaign_treasure_2	DURATION[6]
12401	wh_dlc01_incident_chs_the_spawn_tide	wh_main_payload_event_the_spawn_tide	DURATION[3]
12428	wh_dlc01_incident_chs_the_boon_of_tzeentch	wh_main_payload_event_boon_of_tzeentch	DURATION[3]
12436	wh_dlc01_incident_chs_blessings_of_the_maggoth_lords	wh_main_payload_event_blessings_of_the_maggoth_lords	DURATION[3]
12454	wh_dlc01_incident_chs_pleasure_palace_of_slaanesh	wh_main_payload_event_pleasure_palace_of_slaanesh	DURATION[3]
1246757926	wh2_dlc09_tmb_incident_boiling_point	wh2_dlc09_payload_incident_boiling_point	DURATION[10]
12469	wh_dlc01_incident_chs_myriad_gifts_of_mutation	CHARACTER_EXPERIENCE	AMOUNT[1000]
12475	wh_dlc01_incident_chs_northern_crusade	TARGET	EVENT
1247501869	wh2_main_incident_skv_building_cost_down	wh2_main_incident_skv_building_cost_down	DURATION[4]
12481	wh_dlc01_incident_chs_northern_crusade	wh_main_payload_morale_versus_empire	DURATION[3];GLOBAL
12483	wh_dlc01_incident_chs_chaos_cult_discovered	TARGET	EVENT
1248459500	wh2_main_incident_intrigue_lzd_negative_1a	DIPLOMATIC_STANDING	AMOUNT[-4]
12491	wh_dlc01_incident_chs_chaos_cult_discovered	wh_main_payload_event_chaos_cult	DURATION[3];GLOBAL
1249546932	wh2_main_encounter_at_sea_combat_4_tmb	wh2_main_encounter_at_sea_combat_4_dummy	DURATION[10]
12497	wh_dlc01_incident_chs_blood_sacrifice	wh_main_payload_event_blood_sacrifice	DURATION[3]
12499	wh_dlc01_incident_chs_irresistible_force	WOUND_CHARACTER	
12501	wh_dlc01_incident_chs_the_dragon_ogres_awake	wh_main_payload_event_dragon_ogres_awake	DURATION[3]
12503	wh_dlc01_incident_chs_rancid_visitations	CHARACTER_EXPERIENCE	AMOUNT[1000]
12512	wh_dlc01_incident_chs_your_rivals_plot	wh_main_payload_event_chs_horde_growth	DURATION[3]
12529	wh_main_incident_all_arcane_fulcrum	TARGET	EVENT
12538	wh_main_emp_balthasar_gelt_amulet_of_sea_gold_stage_1.1	TREASURY	AMOUNT[-2000]
12540	wh_main_emp_karl_franz_ghal_maraz_stage_2	TREASURY	AMOUNT[-5000]
12545	wh_main_vmp_mannfred_von_carstein_sword_of_unholy_power_stage_2	TREASURY	AMOUNT[-5000]
12548	wh_main_dwf_thorgrim_grudgebearer_axe_of_grimnir_stage_1	TREASURY	AMOUNT[-5000]
12553	wh_main_dwf_thorgrim_grudgebearer_dragon_crown_of_karaz_stage_2.3	TREASURY	AMOUNT[-2500]
12557	wh_main_emp_karl_franz_silver_seal_stage_2	TREASURY	AMOUNT[-2500]
12560	wh_dlc01_incident_chs_exalted	SPAWN_AGENT	AGENT[champion];AP_FACTOR[1.0]
12566	wh_dlc01_incident_chs_exalted	TARGET	CAPITAL
12573	wh_dlc01_incident_chs_magic_is_chaos	TARGET	CAPITAL
12578	wh_dlc01_incident_chs_magic_is_chaos	SPAWN_AGENT	AGENT[wizard];AP_FACTOR[1.0]
12584	wh_main_incident_dwf_underway_upgraded	TREASURY	AMOUNT[-1500]
12586	wh_main_incident_emp_the_countess_denies_us	DIPLOMATIC_STANDING	AMOUNT[-3]
12596	wh_main_incident_emp_bad_things_in_stirland	DIPLOMATIC_STANDING	AMOUNT[-3]
1259788852	wh2_main_encounter_at_sea_combat_2	TREASURY	AMOUNT[1500]
1259870118	wh2_main_dilemma_treasure_hunt_shrine_to_nagash_3_a_horde	wh2_main_payload_treasure_hunt_shrine_to_nagash_3_a_horde	DURATION[6]
12605	wh_main_incident_emp_todbringers_wrath	DIPLOMATIC_STANDING	AMOUNT[-3]
12610	wh_main_incident_emp_ostermark_rebels	DIPLOMATIC_STANDING	AMOUNT[-3]
12618	wh_main_incident_emp_the_hochland_long_war_hochland	DIPLOMATIC_STANDING	AMOUNT[-3]
12620	wh_main_incident_emp_the_withering_of_taal	DIPLOMATIC_STANDING	AMOUNT[-3]
1262052974	wh2_main_incident_skv_growth_down	wh_main_payload_growth_negative_province	DURATION[4]
12626	wh_main_incident_emp_a_diplomatic_incident	DIPLOMATIC_STANDING	AMOUNT[-1]
12628	wh_main_incident_emp_franz-hater	DIPLOMATIC_STANDING	AMOUNT[-1]
12638	wh_main_incident_emp_the_forgotten_speech	DIPLOMATIC_STANDING	AMOUNT[-1]
1264556826	wh2_main_incident_intrigue_any_positive_1d	DIPLOMATIC_STANDING	AMOUNT[4]
1267740957	wh2_main_incident_intrigue_hef_negative_3a	DIPLOMATIC_STANDING	AMOUNT[-6]
12680	wh_main_incident_emp_the_hochland_long_war_ostland	DIPLOMATIC_STANDING	AMOUNT[-3]
12682	wh_main_incident_dwf_a_wrong_put_right	wh_main_payload_event_grudge_settled	DURATION[5]
12686	wh_dlc01_incident_chs_blood_sacrifice	TARGET	EVENT
12688	wh_main_incident_all_the_glower_of_morrslieb	wh_main_payload_event_the_glower_of_morrslieb	DURATION[4];GLOBAL
1269061967	wh_dlc08_incident_nor_dark_winnowing	wh_dlc08_payload_event_dark_winnowing	DURATION[15]
126933842	wh2_main_incident_encounter_at_sea_2_a_nor	TREASURY	AMOUNT[3000]
1269369107	wh2_dlc11_cst_harkon_mind_change_prideful	wh2_dlc11_harkon_mind_dummy_prideful	DURATION[0]
12696	wh_main_incident_all_the_glower_of_morrslieb	TARGET	EVENT
12702	wh_dlc03_incident_bst_a_ritual_challenge	wh_dlc03_payload_event_a_ritual_challenge	DURATION[3]
12703	wh_dlc03_incident_bst_a_stone_of_the_past	wh_dlc03_payload_event_a_stone_of_the_past	DURATION[4]
12711	wh_dlc03_incident_bst_bloodgreed_beasts	wh_dlc03_payload_event_bloodgreed_beasts	DURATION[3]
12717	wh_dlc03_incident_bst_wandering_giants	wh_dlc03_payload_event_wandering_giants	DURATION[3]
12739	wh_dlc03_incident_bst_rewards_of_ruin	CHARACTER_EXPERIENCE	AMOUNT[1000]
12741	wh_dlc03_incident_bst_sober_for_once_bad	wh_dlc03_payload_event_sober_for_once_bad	DURATION[3]
12751	wh_dlc03_incident_bst_sober_for_once_good	wh_dlc03_payload_event_sober_for_once_good	DURATION[3]
12760	wh_dlc03_incident_bst_tribal_celebration	wh_dlc03_payload_event_tribal_celebration	DURATION[3]
12767	wh_dlc03_incident_bst_defilement_of_sigmar	wh_main_payload_morale_versus_empire	DURATION[3]
12771	wh_dlc03_incident_bst_mage_hunter	WOUND_CHARACTER	
12778	wh_dlc03_incident_bst_favoured_by_khorne	wh_dlc03_payload_event_favoured_by_khorne	DURATION[3]
12785	wh_dlc03_incident_bst_eye_of_the_gods	TREASURY	AMOUNT[1500]
12795	wh_dlc03_incident_bst_eye_of_the_gods_bad	TREASURY	AMOUNT[-1500]
12797	wh_dlc03_incident_bst_the_harbinger	wh_dlc03_payload_event_the_harbinger	DURATION[3]
127974520	wh2_dlc09_tmb_incident_liquid_sand	wh2_dlc09_payload_incident_liquid_sand	DURATION[10]
12805	wh_dlc03_incident_bst_skulls_for_the_skull_throne	wh_dlc03_payload_event_skulls_for_the_skull_throne	DURATION[3]
12808	wh_dlc03_incident_bst_the_black_harvest	wh_dlc03_payload_event_the_black_harvest	DURATION[3]
12815	wh_dlc03_incident_bst_the_black_harvest	TARGET	EVENT
12827	wh_dlc02_incident_all_magic_carnage	wh_dlc02_payload_all_magic_carnage_dummy	DURATION[10]
12837	wh_dlc02_incident_all_weapon_carnage	wh_dlc02_payload_all_weapon_carnage_dummy	DURATION[10]
1286124011	wh2_dlc09_tmb_incident_glimpse_into_the_realm	wh2_dlc09_payload_incident_glimpse_into_the_realm	DURATION[10]
12873	wh_dlc03_incident_bst_the_fall_of_men	ADD_ANCILLARY	ANCILLARY_KEY[wh_dlc03_anc_magic_standard_banner_of_the_fallen_kings];SHOULD_REPLACE
12874	wh_dlc02_incident_all_charge_carnage	wh_dlc02_payload_all_charge_carnage_dummy	DURATION[10]
12875	wh_dlc04_vmp_vlad_von_carstein_the_carstein_ring_stage_2_3	TREASURY	AMOUNT[-5000]
12887	wh_dlc06_grn_wurrzag_da_great_green_prophet_baleful_mask_stage_4	TREASURY	AMOUNT[2500]
12894	wh_pro01_dwf_grombrindal_amour_of_glimril_scales_stage_3_1	wh_pro01_payload_bugmens_treat	DURATION[3]
12900	wh_pro01_dwf_grombrindal_amour_of_glimril_scales_stage_3_2	wh_pro01_payload_refuse_bugmens_treat	DURATION[3]
12904	wh_dlc05_incident_wef_the_great_council	TREASURY	AMOUNT[1500]
12909	wh2_main_dilemma_treasure_hunt_the_cursed_sword_2_a	ADD_ANCILLARY	ANCILLARY_KEY[wh_main_anc_weapon_sword_of_bloodshed]
12912	wh_dlc05_incident_wef_official_masque_business	TREASURY	AMOUNT[-1500]
12913	wh2_main_dilemma_treasure_hunt_the_cursed_sword_2_b	ADD_ANCILLARY	ANCILLARY_KEY[wh_main_anc_weapon_sword_of_bloodshed]
12922	wh_dlc05_incident_wef_wraith_and_home	SPAWN_AGENT	AGENT[champion];AP_FACTOR[1.0]
12924	wh_dlc05_incident_wef_wraith_and_home	TARGET	CAPITAL
12929	wh2_main_dilemma_treasure_hunt_the_cursed_sword_4_a	TREASURY	AMOUNT[1000]
12934	wh_dlc05_incident_wef_from_good_stock	CHARACTER_EXPERIENCE	AMOUNT[1000]
12936	wh2_main_dilemma_treasure_hunt_the_cursed_sword_3_a	TREASURY	AMOUNT[-750]
12938	wh_dlc05_incident_wef_vengeance_of_the_asrai	wh_dlc05_payload_event_vengeance_of_the_asrai	DURATION[5]
12944	wh2_main_dilemma_treasure_hunt_the_cursed_sword_2_b	GIVE_TRAIT	TRAIT_KEY[wh2_main_trait_general_status_all_cursed]
12946	wh_dlc05_incident_wef_bark_and_soul	wh_dlc05_payload_event_bark_and_soul	DURATION[5]
12947	wh_dlc05_incident_wef_the_season_of_beginnings	wh_dlc05_payload_event_the_season_of_beginnings	DURATION[3]
12949	wh_dlc05_incident_wef_the_dreamer_of_dreams	wh_dlc05_payload_event_the_dreamer_of_dreams	DURATION[5]
12954	wh_dlc05_incident_wef_the_turning_of_the_leaves	wh_dlc05_payload_event_the_turning_of_the_leaves	DURATION[3]
12962	wh_dlc05_incident_wef_knowledge_of_the_ancestors	wh_dlc05_payload_event_knowledge_of_the_ancestors	DURATION[4]
12965	wh_dlc05_incident_wef_only_one	wh_dlc05_payload_event_only_one	DURATION[6]
12971	wh_dlc05_incident_wef_the_forge_of_starlight	wh_dlc05_payload_event_the_forge_of_starlight	DURATION[4]
1297367626	wh2_dlc11_treasure_hunt_puzzle_success_puzzle_1_6	ADD_ANCILLARY	RANDOM_ANCILLARY;TARGET_OWNING_FACTION
12975	wh_dlc05_incident_wef_the_wild_heath	wh_dlc05_payload_event_the_wild_heath	DURATION[3]
1297640601	wh2_main_incident_encounter_at_sea_3_a	TREASURY	AMOUNT[8000]
1297843165	wh2_dlc11_treasure_hunt_puzzle_success_puzzle_2_12	ADD_ANCILLARY	RANDOM_ANCILLARY;TARGET_OWNING_FACTION
12981	wh_dlc05_incident_wef_voice_of_the_forest	SPAWN_AGENT	AGENT[spy];AP_FACTOR[1.0]
12986	wh_dlc05_incident_wef_voice_of_the_forest	TARGET	CAPITAL
12991	wh2_main_dilemma_treasure_hunt_the_tattered_library_2_a	TREASURY	AMOUNT[-500]
12994	wh2_main_dilemma_treasure_hunt_the_tattered_library_2_a	wh2_main_payload_treasure_hunt_the_tattered_library_2_a	DURATION[5]
12995	wh2_main_dilemma_treasure_hunt_the_tattered_library_2_b	TREASURY	AMOUNT[-500]
12999	wh_dlc07_qb_brt_louen_sword_of_couronne_stage_0	wh_dlc07_qb_brt_louen_sword_of_couronne_stage_0_payload	DURATION[5]
13001	wh2_main_dilemma_treasure_hunt_the_tattered_library_3_a	wh2_main_payload_treasure_hunt_the_tattered_library_3_a	DURATION[5]
13004	wh2_main_dilemma_treasure_hunt_the_tattered_library_3_a	TREASURY	AMOUNT[-750]
1300787895	wh2_main_incident_def_morale_up_melee_attack_up_against_hef	wh2_main_effect_force_unit_stat_morale_melee_attack_versus_high_elves	DURATION[4]
13009	wh_dlc07_qb_brt_fay_enchantress_chalice_of_potions_stage_4	wh_dlc07_qb_brt_fay_enchantress_chalice_of_potions_ritual	DURATION[10]
13013	wh2_main_dilemma_treasure_hunt_the_tattered_library_3_b	TREASURY	AMOUNT[-750]
13014	wh_dlc07_qb_brt_fay_enchantress_chalice_of_potions_stage_4	wh_dlc07_qb_brt_fay_enchantress_chalice_of_potions_ritual	DURATION[10]
13016	wh2_main_dilemma_treasure_hunt_the_tattered_library_4_a	TREASURY	AMOUNT[1000]
13020	wh2_main_dilemma_treasure_hunt_tomb_of_the_mummy_2_a	FACTION_POOLED_RESOURCE_TRANSACTION	RESOURCE[wh2_main_ritual_currency];FACTOR[wh2_main_resource_factor_treasure_hunt];AMOUNT[50]
13021	wh2_main_dilemma_treasure_hunt_tomb_of_the_mummy_3_a	ADD_ANCILLARY	ANCILLARY_KEY[wh_main_anc_weapon_fencers_blades]
13022	wh2_main_dilemma_treasure_hunt_tomb_of_the_mummy_4_a	TREASURY	AMOUNT[1000]
13023	wh_dlc07_qb_brt_alberic_trident_of_bordeleaux_stage_1	SPAWN_AGENT	AGENT[champion];AGENT_SUBTYPE[brt_paladin];AP_FACTOR[1.0]
13025	wh_dlc07_qb_brt_alberic_trident_of_bordeleaux_stage_1	TARGET	CAPITAL
13026	wh2_main_dilemma_treasure_hunt_barracks_2_a	wh2_main_payload_treasure_hunt_barracks_2_a	DURATION[3]
13031	wh2_main_dilemma_treasure_hunt_barracks_2_b	wh2_main_payload_treasure_hunt_barracks_2_b	DURATION[3]
13032	wh2_main_dilemma_treasure_hunt_barracks_3_a	TREASURY	AMOUNT[750]
13042	wh2_main_dilemma_treasure_hunt_barracks_3_b	wh2_main_payload_treasure_hunt_barracks_3_b	DURATION[5]
13047	wh_dlc07_incident_brt_unpeasant_business	wh_dlc07_payload_event_unpeasant_business	DURATION[15]
13048	wh_dlc07_incident_brt_rowdy_peasants	wh_dlc07_payload_event_rowdy_peasants	DURATION[15]
1304834196	wh2_main_encounter_at_sea_campaign_1_tmb	wh2_main_encounter_at_sea_campaign_1_dummy	DURATION[10]
13053	wh_dlc07_incident_brt_grandiose_tournament	TREASURY	AMOUNT[-3000]
13055	wh2_main_dilemma_treasure_hunt_skaven_burrow_2_a	wh2_main_payload_treasure_hunt_skaven_burrow_2_a	DURATION[5]
13057	wh2_main_dilemma_treasure_hunt_skaven_burrow_2_b	wh2_main_payload_treasure_hunt_skaven_burrow_2_b	DURATION[3]
13058	wh2_main_dilemma_treasure_hunt_skaven_burrow_3_a	TREASURY	AMOUNT[750]
13061	wh_dlc07_incident_brt_grandiose_tournament	TEXT_DISPLAY	LOOKUP[dummy_chivalry_increase]
13067	wh_dlc07_incident_brt_containing_the_pox	wh_dlc07_payload_event_containing_the_pox	DURATION[10]
13074	wh_dlc07_incident_brt_filled_with_prayer	wh_dlc07_payload_event_filled_with_prayer	DURATION[10]
13076	wh2_main_dilemma_treasure_hunt_skaven_burrow_4_a	wh2_main_payload_treasure_hunt_skaven_burrow_4_a	DURATION[5]
13077	wh_dlc07_incident_brt_careless_hunting	wh_dlc07_payload_event_careless_hunting	DURATION[10]
13078	wh2_main_dilemma_treasure_hunt_skaven_burrow_4_b	wh2_main_payload_treasure_hunt_skaven_burrow_4_b	DURATION[3]
13081	wh2_main_dilemma_treasure_hunt_dwarfen_vaults_2_a	wh2_main_payload_treasure_hunt_dwarfen_vaults_2_a	DURATION[5]
13084	wh_dlc07_incident_brt_lavish_feast	wh_dlc07_payload_event_lavish_feast	DURATION[10]
13086	wh_dlc07_incident_brt_not_very_noble	TEXT_DISPLAY	LOOKUP[dummy_chivalry_decrease]
13089	wh_dlc07_incident_brt_exquisite_goods	wh_dlc07_payload_event_exquisite_goods	DURATION[10]
13090	wh_dlc07_incident_brt_overconfidence	wh_dlc07_payload_event_overconfidence	DURATION[10]
13094	wh_dlc07_incident_brt_influx_of_builders	wh_dlc07_payload_event_influx_of_builders	DURATION[15]
13100	wh2_main_dilemma_treasure_hunt_dwarfen_vaults_3_b	wh2_main_payload_treasure_hunt_dwarfen_vaults_3_b	DURATION[3]
13103	wh_dlc07_incident_brt_splendid_monasteries	TREASURY	AMOUNT[-2000]
13109	wh_dlc07_incident_brt_splendid_monasteries	wh_dlc07_payload_event_splendid_monasteries	DURATION[10]
13117	wh2_main_dilemma_treasure_hunt_lone_wanderer_2_a	ADD_ANCILLARY	ANCILLARY_KEY[wh_main_anc_weapon_fencers_blades]
13122	wh2_main_dilemma_treasure_hunt_lone_wanderer_2_b	WOUND_CHARACTER	
13124	wh2_main_dilemma_treasure_hunt_lone_wanderer_3_a	SPAWN_AGENT	AGENT[champion];AP_FACTOR[1.0]
13131	wh2_main_dilemma_treasure_hunt_lone_wanderer_3_a	TARGET	CAPITAL
13135	wh2_main_dilemma_treasure_hunt_lone_wanderer_4_a	FACTION_POOLED_RESOURCE_TRANSACTION	RESOURCE[wh2_main_ritual_currency];FACTOR[wh2_main_resource_factor_treasure_hunt];AMOUNT[100]
13137	wh2_main_dilemma_treasure_hunt_rebel_army_2_a	TREASURY	AMOUNT[-500]
13141	wh2_main_dilemma_treasure_hunt_rebel_army_2_a	wh2_main_payload_treasure_hunt_rebel_army_2_a	DURATION[3]
13150	wh2_main_dilemma_treasure_hunt_rebel_army_2_b	TREASURY	AMOUNT[-1000]
13151	wh2_main_dilemma_treasure_hunt_rebel_army_3_a	wh2_main_payload_treasure_hunt_rebel_army_3_a	DURATION[5]
13157	wh2_main_dilemma_treasure_hunt_rebel_army_4_a	wh2_main_payload_treasure_hunt_rebel_army_4_a	DURATION[3]
13164	wh2_main_dilemma_treasure_hunt_rebel_army_4_b	wh2_main_payload_treasure_hunt_rebel_army_4_b	DURATION[5]
13168	wh2_main_dilemma_treasure_hunt_trapped_survivor_2_a	SPAWN_AGENT	AGENT[champion];AP_FACTOR[1.0]
13171	wh2_main_dilemma_treasure_hunt_trapped_survivor_2_a	TARGET	CAPITAL
13172	wh2_main_dilemma_treasure_hunt_trapped_survivor_3_a	TREASURY	AMOUNT[1000]
13173	wh2_main_dilemma_treasure_hunt_trapped_survivor_3_b	wh2_main_payload_treasure_hunt_trapped_survivor_3_b	DURATION[5]
13174	wh2_main_dilemma_treasure_hunt_trapped_survivor_4_a	TREASURY	ARMOUNT[2000]
13178	wh2_main_dilemma_treasure_hunt_battlefield_2_a	FACTION_POOLED_RESOURCE_TRANSACTION	RESOURCE[wh2_main_ritual_currency];FACTOR[wh2_main_resource_factor_treasure_hunt];AMOUNT[50]
13181	wh2_main_dilemma_treasure_hunt_battlefield_3_a	ADD_ANCILLARY	ANCILLARY_KEY[wh_main_anc_armour_helm_of_discord]
13187	wh2_main_dilemma_treasure_hunt_battlefield_4_a	TREASURY	AMOUNT[1000]
13192	wh2_main_dilemma_treasure_hunt_barracks_4_b	TREASURY	AMOUNT[-1000]
13199	wh2_main_dilemma_treasure_hunt_undead_2_a	FACTION_POOLED_RESOURCE_TRANSACTION	RESOURCE[wh2_main_ritual_currency];FACTOR[wh2_main_resource_factor_treasure_hunt];AMOUNT[250]
13202	wh2_main_dilemma_treasure_hunt_undead_3_a	wh2_main_payload_treasure_hunt_undead_3_a	DURATION[3]
13204	wh2_main_dilemma_treasure_hunt_undead_3_b	TREASURY	AMOUNT[-750]
13213	wh2_main_dilemma_treasure_hunt_undead_4_b	wh2_main_payload_treasure_hunt_undead_4_b	DURATION[5]
13216	wh2_main_dilemma_treasure_hunt_mechanical_automaton_2_b	TREASURY	AMOUNT[-750]
13223	wh2_main_dilemma_treasure_hunt_mechanical_automaton_3_a	TREASURY	AMOUNT[500]
13232	wh2_main_dilemma_treasure_hunt_mechanical_automaton_4_a	FACTION_POOLED_RESOURCE_TRANSACTION	RESOURCE[wh2_main_ritual_currency];FACTOR[wh2_main_resource_factor_treasure_hunt];AMOUNT[10]
13241	wh2_main_dilemma_treasure_hunt_trapped_vault_1_b	wh2_main_payload_treasure_hunt_trapped_vault_1_b	DURATION[2]
13249	wh2_main_dilemma_treasure_hunt_trapped_vault_2_a	FACTION_POOLED_RESOURCE_TRANSACTION	RESOURCE[wh2_main_ritual_currency];FACTOR[wh2_main_resource_factor_treasure_hunt];AMOUNT[50]
13259	wh2_main_dilemma_treasure_hunt_trapped_vault_3_b	WOUND_CHARACTER	
13269	wh2_main_dilemma_treasure_hunt_trapped_vault_4_a	wh2_main_payload_treasure_hunt_trapped_vault_4_a	DURATION[5]
13271	wh2_main_dilemma_treasure_hunt_trapped_vault_4_b	wh2_main_payload_treasure_hunt_trapped_vault_4_b	DURATION[2]
1327121051	wh2_dlc09_great_vortex_tmb_arkhan_the_tomb_blade_of_arkhan_stage_3a	wh2_dlc09_great_vortex_tmb_arkhan_tomb_blade_of_arkhan_stage_3a	DURATION[5]
13276	wh2_main_dilemma_treasure_hunt_hidden_tunnel_2_a	CHARACTER_EXPERIENCE	AMOUNT[1000]
13280	wh2_main_dilemma_treasure_hunt_hidden_tunnel_2_b	WOUND_CHARACTER	
13281	wh2_main_dilemma_treasure_hunt_hidden_tunnel_3_a	ADD_ANCILLARY	ANCILLARY_KEY[wh2_main_anc_armour_helm_of_fortune]
13288	wh2_main_dilemma_treasure_hunt_hidden_tunnel_4_b	TREASURY	AMOUNT[250]
13295	wh2_main_dilemma_treasure_hunt_scavengers_2_a	TREASURY	AMOUNT[250]
13297	wh2_main_dilemma_treasure_hunt_scavengers_3_a	TREASURY	AMOUNT[500]
13305	wh2_main_dilemma_treasure_hunt_scavengers_3_b	TREASURY	AMOUNT[-500]
13312	wh2_main_dilemma_treasure_hunt_scavengers_3_b	wh2_main_dilemma_treasure_hunt_scavengers_3_b	DURATION[5]
13316	wh2_main_dilemma_treasure_hunt_scavengers_4_a	ADD_ANCILLARY	ANCILLARY_KEY[wh_main_anc_weapon_biting_blade]
13317	wh2_main_dilemma_treasure_hunt_hidden_chaos_shrine_2_a	wh2_main_payload_treasure_hunt_hidden_chaos_shrine_2_a	DURATION[5]
1332553006	wh2_dlc11_incident_neo_encounter_at_sea_4_a_tmb	TREASURY	AMOUNT[500]
13334	wh2_main_dilemma_treasure_hunt_hidden_chaos_shrine_2_b	TREASURY	AMOUNT[-500]
13340	wh2_main_dilemma_treasure_hunt_hidden_chaos_shrine_2_b	wh2_main_payload_treasure_hunt_hidden_chaos_shrine_2_b	DURATION[3]
1334000738	wh2_dlc11_incident_neo_encounter_at_sea_3_a_nor	TREASURY	AMOUNT[500]
1334087008	wh2_dlc11_cst_incident_stolen_schematics	wh2_dlc11_payload_incident_stolen_schematics	DURATION[10]
13342	wh2_main_dilemma_treasure_hunt_hidden_chaos_shrine_3_b	wh2_main_payload_treasure_hunt_hidden_chaos_shrine_3_b	DURATION[5]
13348	wh2_main_dilemma_treasure_hunt_hidden_chaos_shrine_4_b	wh2_main_payload_treasure_hunt_hidden_chaos_shrine_4_b	DURATION[5]
13357	wh2_main_dilemma_treasure_hunt_skaven_ambush_1_b	TREASURY	AMOUNT[-500]
13359	wh2_main_dilemma_treasure_hunt_skaven_ambush_2_b	TREASURY	AMOUNT[-500]
13363	wh2_main_dilemma_treasure_hunt_skaven_ambush_3_b	wh2_main_payload_treasure_hunt_skaven_ambush_3_b	DURATION[3]
13366	wh2_main_dilemma_treasure_hunt_skaven_ambush_4_a	FACTION_POOLED_RESOURCE_TRANSACTION	RESOURCE[wh2_main_ritual_currency];FACTOR[wh2_main_resource_factor_treasure_hunt];AMOUNT[250]
1336624590	wh2_main_incident_encounter_at_sea_1_a_tmb	TREASURY	AMOUNT[3000]
13369	wh2_main_dilemma_treasure_hunt_skaven_ambush_4_b	WOUND_CHARACTER	
13378	wh2_main_dilemma_treasure_hunt_flooded_armoury_2_a	ADD_ANCILLARY	ANCILLARY_KEY[wh_main_anc_armour_tricksters_helm]
13379	wh2_main_dilemma_treasure_hunt_flooded_armoury_3_a	wh2_main_payload_treasure_hunt_flooded_armoury_3_a	DURATION[5]
13380	wh2_main_dilemma_treasure_hunt_flooded_armoury_3_b	wh2_main_dilemma_treasure_hunt_flooded_armoury_3_b	DURATION[5]
1338454582	wh2_main_encounter_at_sea_campaign_3	TREASURY	AMOUNT[1500]
13387	wh2_main_dilemma_treasure_hunt_picked_clean_2_b	TREASURY	AMOUNT[-500]
13388	wh2_main_dilemma_treasure_hunt_picked_clean_3_a	TREASURY	AMOUNT[1000]
13389	wh2_main_dilemma_treasure_hunt_picked_clean_3_a	ADD_ANCILLARY	ANCILLARY_KEY[wh_main_anc_talisman_luckstone]
13398	wh2_main_dilemma_treasure_hunt_picked_clean_3_b	wh2_main_payload_treasure_hunt_picked_clean_3_b	DURATION[2]
1340010636	wh2_dlc11_cst_incident_incompetent_escorts	wh2_dlc11_payload_incident_incompetent_escorts	DURATION[10]
13408	wh2_main_dilemma_treasure_hunt_picked_clean_4_a	TREASURY	AMOUNT[1000]
13412	wh2_main_dilemma_treasure_hunt_graveyard_2_a	FACTION_POOLED_RESOURCE_TRANSACTION	RESOURCE[wh2_main_ritual_currency];FACTOR[wh2_main_resource_factor_treasure_hunt];AMOUNT[50]
13421	wh2_main_dilemma_treasure_hunt_graveyard_3_a	ADD_ANCILLARY	ANCILLARY_KEY[wh_main_anc_talisman_dawnstone]
13423	wh2_main_dilemma_treasure_hunt_graveyard_3_b	GIVE_TRAIT	TRAIT_KEY[wh2_main_trait_general_status_all_cursed]
1343101899	wh2_main_incident_encounter_at_sea_2_c_tmb	TREASURY	AMOUNT[2500]
13432	wh2_main_dilemma_treasure_hunt_graveyard_4_a	ADD_ANCILLARY	ANCILLARY_KEY[wh_main_anc_weapon_sword_of_might]
1343548474	wh2_main_incident_hef_morale_up_public_order_up	wh2_main_incident_hef_morale_up_public_order_up	DURATION[3]
13436	wh2_main_dilemma_treasure_hunt_shrine_to_nagash_2_a	wh2_main_payload_treasure_hunt_shrine_to_nagash_2_a	DURATION[3]
13439	wh2_main_dilemma_treasure_hunt_shrine_to_nagash_2_b	wh2_main_payload_treasure_hunt_shrine_to_nagash_2_b	DURATION[3]
13449	wh2_main_dilemma_treasure_hunt_shrine_to_nagash_3_a	wh2_main_payload_treasure_hunt_shrine_to_nagash_3_a	DURATION[3]
1345051232	wh2_main_incident_lzd_morale_up_againt_chs_nors_bst_vmp	wh2_main_payload_morale_versus_beastmen	DURATION[7]
13455	wh2_main_dilemma_treasure_hunt_shrine_to_nagash_3_b	TREASURY	AMOUNT[-500]
13465	wh2_main_dilemma_treasure_hunt_shrine_to_nagash_4_a	ADD_ANCILLARY	ANCILLARY_KEY[wh_main_anc_armour_gamblers_armour]
13474	wh2_main_dilemma_treasure_hunt_halls_of_the_lizardmen_2_a	TREASURY	AMOUNT[1000]
13476	wh2_main_dilemma_treasure_hunt_halls_of_the_lizardmen_3_a	FACTION_POOLED_RESOURCE_TRANSACTION	RESOURCE[wh2_main_ritual_currency];FACTOR[wh2_main_resource_factor_treasure_hunt];AMOUNT[50]
13477	wh2_main_dilemma_treasure_hunt_halls_of_the_lizardmen_3_b	wh2_main_payload_treasure_hunt_halls_of_the_lizardmen_3_b	DURATION[3]
13487	wh2_main_dilemma_treasure_hunt_halls_of_the_lizardmen_4_a	TREASURY	AMOUNT[1000]
1349090585	wh2_main_incident_skv_damage_building	TARGET	EVENT
13491	wh2_main_dilemma_treasure_hunt_flooded_armoury_4_a	wh2_main_payload_treasure_hunt_flooded_armoury_4_a	DURATION[5]
13497	wh2_main_dilemma_treasure_hunt_shrine_to_nagash_4_b	GIVE_TRAIT	TRAIT_KEY[wh2_main_trait_general_status_all_cursed]
13501	wh2_main_dilemma_treasure_hunt_slaanesh_fungi_2_a	wh2_main_payload_treasure_hunt_slaanesh_fungi_2_a	DURATION[3]
13510	wh2_main_dilemma_treasure_hunt_slaanesh_fungi_3_a	wh2_main_payload_treasure_hunt_slaanesh_fungi_3_a	DURATION[3]
13514	wh2_main_dilemma_treasure_hunt_slaanesh_fungi_3_b	wh2_main_payload_treasure_hunt_slaanesh_fungi_3_b	DURATION[5]
13516	wh2_main_dilemma_treasure_hunt_slaanesh_fungi_4_a	TREASURY	AMOUNT[1000]
13520	wh2_main_dilemma_treasure_hunt_spider_nest_2_a	ADD_ANCILLARY	ANCILLARY_KEY[wh_main_anc_weapon_fencers_blades]
13524	wh2_main_dilemma_treasure_hunt_spider_nest_2_a	CHARACTER_EXPERIENCE	AMOUNT[1000]
13528	wh2_main_dilemma_treasure_hunt_spider_nest_3_a	ADD_ANCILLARY	ANCILLARY_KEY[wh_main_anc_talisman_talisman_of_protection]
13536	wh2_main_dilemma_treasure_hunt_spider_nest_3_b	wh2_main_payload_treasure_hunt_spider_nest_3_b	DURATION[5]
13538	wh2_main_dilemma_treasure_hunt_spider_nest_4_a	FACTION_POOLED_RESOURCE_TRANSACTION	RESOURCE[wh2_main_ritual_currency];FACTOR[wh2_main_resource_factor_treasure_hunt];AMOUNT[100]
13545	wh2_main_dilemma_treasure_hunt_effigy_to_gork_or_mork_2_a	FACTION_POOLED_RESOURCE_TRANSACTION	RESOURCE[wh2_main_ritual_currency];FACTOR[wh2_main_resource_factor_treasure_hunt];AMOUNT[50]
13548	wh2_main_dilemma_treasure_hunt_effigy_to_gork_or_mork_2_b	GIVE_TRAIT	TRAIT_KEY[wh2_main_trait_general_status_all_cursed]
1354894580	wh2_dlc11_cst_incident_armoury_acquisition	wh2_dlc11_payload_incident_armoury_acquisition	DURATION[10]
13552	wh2_main_dilemma_treasure_hunt_effigy_to_gork_or_mork_3_a	TREASURY	AMOUNT[500]
13557	wh2_main_dilemma_treasure_hunt_effigy_to_gork_or_mork_4_a	ADD_ANCILLARY	ANCILLARY_KEY[wh_main_anc_armour_helm_of_discord]
13563	wh2_main_dilemma_treasure_hunt_effigy_to_gork_or_mork_4_b	TREASURY	AMOUNT[-1000]
135660370	wh2_main_encounter_at_sea_campaign_2	ADD_ANCILLARY	RANDOM_ANCILLARY;TARGET_OWNING_FACTION
13567	wh2_main_dilemma_treasure_hunt_black_dragons_nest_2_a	TREASURY	AMOUNT[2000]
13568	wh2_main_dilemma_treasure_hunt_black_dragons_nest_3_a	ADD_ANCILLARY	ANCILLARY_KEY[wh_main_anc_talisman_dawnstone]
13570	wh2_main_dilemma_treasure_hunt_black_dragons_nest_3_b	wh2_main_payload_treasure_hunt_black_dragons_nest_3_b	DURATION[3]
13579	wh2_main_dilemma_treasure_hunt_black_dragons_nest_4_a	FACTION_POOLED_RESOURCE_TRANSACTION	RESOURCE[wh2_main_ritual_currency];FACTOR[wh2_main_resource_factor_treasure_hunt];AMOUNT[80]
13585	wh2_main_dilemma_treasure_hunt_the_underworld_sea_2_a	CHARACTER_EXPERIENCE	AMOUNT[1000]
13594	wh2_main_dilemma_treasure_hunt_the_underworld_sea_3_a	ADD_ANCILLARY	ANCILLARY_KEY[wh_main_anc_talisman_luckstone]
13604	wh2_main_dilemma_treasure_hunt_the_underworld_sea_3_b	wh2_main_payload_treasure_hunt_the_underworld_sea_3_b	DURATION[2]
13607	wh2_main_dilemma_treasure_hunt_the_underworld_sea_4_a	FACTION_POOLED_RESOURCE_TRANSACTION	RESOURCE[wh2_main_ritual_currency];FACTOR[wh2_main_resource_factor_treasure_hunt];AMOUNT[100]
13611	wh2_main_dilemma_treasure_hunt_she_daemon_lair_2_a	wh2_main_payload_treasure_hunt_she_daemon_lair_2_a	DURATION[3]
13612	wh2_main_dilemma_treasure_hunt_she_daemon_lair_3_a	wh2_main_payload_treasure_hunt_she_daemon_lair_3_a	DURATION[5]
1361443313	wh2_main_incident_def_agent_wizard	SPAWN_AGENT	AGENT[wizard];AP_FACTOR[1.0]
13618	wh2_main_dilemma_treasure_hunt_she_daemon_lair_3_b	wh2_main_payload_treasure_hunt_she_daemon_lair_3_b	DURATION[4]
13623	wh2_main_dilemma_treasure_hunt_she_daemon_lair_4_a	FACTION_POOLED_RESOURCE_TRANSACTION	RESOURCE[wh2_main_ritual_currency];FACTOR[wh2_main_resource_factor_treasure_hunt];AMOUNT[200]
13632	wh2_main_dilemma_treasure_hunt_she_daemon_lair_4_b	wh2_main_payload_treasure_hunt_she_daemon_lair_4_b	DURATION[5]
13636	wh2_main_dilemma_treasure_hunt_shrine_to_nagash_3_b	FACTION_POOLED_RESOURCE_TRANSACTION	RESOURCE[wh2_main_ritual_currency];FACTOR[wh2_main_resource_factor_treasure_hunt];AMOUNT[100]
13641	wh2_main_dilemma_treasure_hunt_the_cursed_sword_3_a	ADD_ANCILLARY	ANCILLARY_KEY[wh_main_anc_weapon_sword_of_bloodshed]
13644	wh2_main_dilemma_treasure_hunt_barracks_4_a	FACTION_POOLED_RESOURCE_TRANSACTION	RESOURCE[wh2_main_ritual_currency];FACTOR[wh2_main_resource_factor_treasure_hunt];AMOUNT[100]
13646	wh2_main_dilemma_treasure_hunt_dwarfen_vaults_2_b	wh2_main_payload_treasure_hunt_dwarfen_vaults_2_b	DURATION[5]
13649	wh2_main_dilemma_treasure_hunt_dwarfen_vaults_3_a	TREASURY	AMOUNT[1500]
13659	wh2_main_dilemma_treasure_hunt_dwarfen_vaults_4_a	wh2_main_payload_treasure_hunt_dwarfen_vaults_4_a	DURATION[5]
1372344148	wh2_main_incident_def_army_morale_up_public_oder_increses	wh2_main_incident_def_army_morale_up_public_oder_increase_province	DURATION[3]
1373478599	wh2_main_encounter_at_sea_campaign_2	wh2_main_encounter_at_sea_campaign_2_dummy	DURATION[10]
1374447956	wh2_main_incident_def_damage_building_slave_down	DAMAGE_BUILDING	MIN[1];MAX[2]
1375317378	wh2_main_incident_hef_agent_champion	SPAWN_AGENT	AGENT[champion];AP_FACTOR[1.0]
1376480484	wh2_main_encounter_at_sea_campaign_4_nor	TREASURY	AMOUNT[1000]
1379203685	wh2_main_incident_intrigue_lzd_negative_3a	DIPLOMATIC_STANDING	AMOUNT[-6]
1380793737	wh2_main_incident_encounter_at_sea_3_c	wh2_main_encounter_at_sea_campaign_treasure_2	DURATION[6]
1381266305	wh2_dlc11_incident_neo_encounter_at_sea_1_a_tmb	TREASURY	AMOUNT[500]
1382638120	wh2_main_incident_lzd_chaos_corruption_up	wh_main_payload_chaos_corruption	DURATION[5]
1392657949	wh2_main_incident_encounter_at_sea_2_b_nor	TREASURY	AMOUNT[2500]
1400089536	wh2_main_incident_encounter_at_sea_1_b_nor	TREASURY	AMOUNT[2500]
140634344	wh2_dlc11_treasure_hunt_puzzle_success_puzzle_1_2	ADD_ANCILLARY	RANDOM_ANCILLARY;TARGET_OWNING_FACTION
1407686021	wh2_main_incident_intrigue_def_positive_1c	DIPLOMATIC_STANDING	AMOUNT[4]
1410723488	wh2_main_incident_def_agent_wizard	TARGET	CAPITAL
1412042135	wh2_main_incident_hef_agent_wizard	TARGET	CAPITAL
141331120	wh2_main_incident_encounter_at_sea_1_c_nor	TREASURY	AMOUNT[3000]
1414638033	wh2_main_incident_intrigue_def_negative_2a	DIPLOMATIC_STANDING	AMOUNT[-5]
1416616311	wh2_main_encounter_at_sea_campaign_4_tmb	wh2_main_encounter_at_sea_campaign_4_dummy	DURATION[10]
1428642749	wh2_main_encounter_at_sea_campaign_4	wh2_main_encounter_at_sea_campaign_4_dummy	DURATION[10]
1436240557	wh2_main_incident_encounter_at_sea_1_a_nor	TREASURY	AMOUNT[3000]
1437088454	wh2_dlc11_treasure_hunt_puzzle_success_puzzle_1_7	TREASURY	AMOUNT[1000]
1439445862	wh2_dlc11_incident_neo_encounter_at_sea_2_c_tmb	TREASURY	AMOUNT[500]
1441237061	wh2_dlc11_treasure_hunt_puzzle_success_puzzle_4_4	ADD_ANCILLARY	RANDOM_ANCILLARY;TARGET_OWNING_FACTION
144965008	wh2_dlc11_treasure_hunt_puzzle_success_puzzle_1_3	TREASURY	AMOUNT[1000]
1451369010	wh2_main_incident_intrigue_lzd_positive_2a	DIPLOMATIC_STANDING	AMOUNT[5]
1451671215	wh2_dlc11_incident_neo_encounter_at_sea_3_b_nor	TREASURY	AMOUNT[500]
1452084127	wh2_main_incident_skv_public_order_down	TARGET	EVENT
1455578718	wh2_main_incident_lzd_recruitment_cost_up_starting_exp_up	wh2_main_incident_lzd_recruitment_cost_up_starting_exp_up	DURATION[4]
145723508	wh2_main_incident_all_growth_up	wh2_main_payload_growth_positive_all_province	DURATION[3]
1461577534	wh2_main_incident_encounter_at_sea_1_c_tmb	TREASURY	AMOUNT[3000]
1470828386	wh_dlc08_incident_nor_lean_times	wh_dlc08_payload_event_lean_times	DURATION[10]
1475227444	wh2_main_encounter_at_sea_combat_1_tmb	wh2_main_encounter_at_sea_combat_1_dummy	DURATION[10]
1477253839	wh2_dlc11_incident_neo_encounter_at_sea_2_c	TREASURY	AMOUNT[1000]
1483344973	wh2_main_incident_skv_morale_up_public_order_up	wh2_main_incident_skv_morale_up_public_order_up	DURATION[3]
1493266395	wh2_main_encounter_at_sea_combat_4	wh2_main_encounter_at_sea_combat_4_dummy	DURATION[10]
1496779265	wh2_main_incident_hef_agent_wizard	SPAWN_AGENT	AGENT[wizard];AP_FACTOR[1.0]
150732580	wh2_main_incident_skv_monster_unit_recruitment_cost_down_growth_down	wh2_main_incident_skv_monster_unit_recruitment_cost_down_growth_down	DURATION[3]
1514360604	wh2_main_encounter_at_sea_combat_1_nor	wh2_main_encounter_at_sea_combat_1_dummy	DURATION[10]
1515951930	wh2_main_incident_encounter_at_sea_1_b_tmb	TEXT_DISPLAY	LOOKUP[dummy_wh2_main_encounter_at_sea_2]
1516519082	wh2_main_incident_skv_replenish_up	wh2_main_incident_skv_replenish_up	DURATION[4]
1518742509	wh2_main_incident_lzd_monster_recruitment_cost_down	wh2_main_incident_monster_recruitment_cost_down	DURATION[3]
1519790934	wh2_dlc11_treasure_hunt_puzzle_success_puzzle_2_9	TREASURY	AMOUNT[1000]
1527816074	wh2_main_encounter_at_sea_campaign_3_nor	TREASURY	AMOUNT[1000]
152857636	wh2_main_incident_lzd_morale_up_againt_chs_nors_bst_vmp	wh_main_payload_morale_versus_chaos	DURATION[7]
1534503199	wh2_main_incident_encounter_at_sea_2_b_nor	TEXT_DISPLAY	LOOKUP[dummy_wh2_main_encounter_at_sea_2]
1534510845	wh2_dlc09_tmb_arkhan_the_tomb_blade_of_arkhan_stage_3a	wh2_dlc09_tmb_arkhan_tomb_blade_of_arkhan_stage_3a	DURATION[5]
1541151804	wh2_main_encounter_at_sea_campaign_3	wh2_main_encounter_at_sea_campaign_3_dummy	DURATION[10]
1552481425	wh2_main_encounter_at_sea_campaign_2_tmb	TREASURY	AMOUNT[1000]
1552634196	wh2_main_incident_intrigue_lzd_positive_3a	DIPLOMATIC_STANDING	AMOUNT[6]
1555204186	wh2_dlc10_monster_hunt_8_stage_3a_2	TREASURY	AMOUNT[1000]
1556046546	wh2_main_incident_encounter_at_sea_3_b_tmb	TEXT_DISPLAY	LOOKUP[dummy_wh2_main_encounter_at_sea_2]
1556140500	wh2_main_incident_intrigue_lzd_positive_1a	DIPLOMATIC_STANDING	AMOUNT[4]
156200419	wh2_main_encounter_at_sea_combat_1	ADD_ANCILLARY	RANDOM_ANCILLARY;TARGET_OWNING_FACTION
156455925	wh2_main_incident_all_public_order_down	wh2_main_payload_public_order_negative_all_province	DURATION[4]
1568420563	wh2_dlc11_treasure_hunt_puzzle_success_puzzle_3_5	ADD_ANCILLARY	RANDOM_ANCILLARY;TARGET_OWNING_FACTION
1568820174	wh2_dlc11_treasure_hunt_puzzle_success_puzzle_2_3	ADD_ANCILLARY	RANDOM_ANCILLARY;TARGET_OWNING_FACTION
157167503	wh2_main_incident_hef_replenish_rate_up	wh2_main_incident_hef_replenish_rate_up	DURATION[4]
1575180068	wh2_dlc11_incident_neo_encounter_at_sea_2_b_nor	TREASURY	AMOUNT[500]
1579841192	wh2_dlc11_treasure_hunt_puzzle_success_puzzle_2_2	ADD_ANCILLARY	RANDOM_ANCILLARY;TARGET_OWNING_FACTION
1580258125	wh2_main_incident_skv_research_rate_up	wh2_main_incident_skv_research_rate_up	DURATION[4]
158360036	wh2_main_incident_intrigue_any_positive_1a	DIPLOMATIC_STANDING	AMOUNT[4]
1598268364	wh2_dlc11_treasure_hunt_puzzle_success_puzzle_1_1	ADD_ANCILLARY	RANDOM_ANCILLARY;TARGET_OWNING_FACTION
1599364635	wh2_main_incident_hef_growth_down	TARGET	EVENT
1608034124	wh2_dlc11_treasure_hunt_puzzle_success_puzzle_1_5	ADD_ANCILLARY	RANDOM_ANCILLARY;TARGET_OWNING_FACTION
1624289573	wh2_main_incident_intrigue_def_negative_3a	DIPLOMATIC_STANDING	AMOUNT[-6]
1635191361	wh2_main_incident_intrigue_lzd_positive_1b	DIPLOMATIC_STANDING	AMOUNT[4]
1636155055	wh2_main_incident_intrigue_skv_negative_1a	DIPLOMATIC_STANDING	AMOUNT[-4]
1641104365	wh_dlc08_incident_nor_blades_of_ice	wh_dlc08_payload_event_blades_of_ice	DURATION[10]
1644999844	wh2_dlc11_treasure_hunt_puzzle_success_puzzle_1_7	ADD_ANCILLARY	RANDOM_ANCILLARY;TARGET_OWNING_FACTION
1650850004	wh2_dlc09_great_vortex_settra_the_crown_of_nehekhara_stage_3_b	wh2_dlc09_settra_skeleton_rank_payload	AMOUNT[5]
1651910995	wh2_main_incident_skv_melee_infantry_melee_attack_up_morale_up	wh_main_payload_training_infantry_melee	DURATION[4]
1652608032	wh2_main_incident_encounter_at_sea_1_b_nor	TEXT_DISPLAY	LOOKUP[dummy_wh2_main_encounter_at_sea_2]
1658992676	wh2_dlc11_cst_harkon_mind_change_restored	wh2_dlc11_harkon_mind_dummy_restored	DURATION[0]
1660541500	wh2_main_incident_lzd_research_rate_up	wh2_main_incident_lzd_research_rate_up	DURATION[4]
1668795511	wh2_main_incident_encounter_at_sea_3_b_nor	TREASURY	AMOUNT[2500]
1668998500	wh2_dlc11_cst_harkon_mind_change_lucid	wh2_dlc11_harkon_mind_dummy_lucid	DURATION[0]
1671153794	wh2_main_incident_lzd_damage_building	DAMAGE_BUILDING	MIN[1];MAX[2]
1672522907	wh2_dlc11_incident_cst_sea_shanty_gained_1	wh2_dlc11_payload_sea_shanty_verse_1	DURATION[0]
167285961	wh2_main_incident_skv_morale_up_against_dwf	wh_main_payload_morale_versus_dwarfs	DURATION[4]
1673872502	wh2_main_encounter_at_sea_combat_2_tmb	wh2_main_encounter_at_sea_combat_2_dummy	DURATION[10]
1675419013	wh_dlc08_incident_nor_arctic_might	wh_dlc08_payload_event_arctic_might	DURATION[10]
1676982768	wh2_main_encounter_at_sea_combat_5	ADD_ANCILLARY	RANDOM_ANCILLARY;TARGET_OWNING_FACTION
167698417	wh2_main_incident_all_wom_up	wh2_main_incident_all_wom_up	DURATION[5]
1683137595	wh2_main_incident_all_character_exp_greatly_up_character_wound	CHARACTER_EXPERIENCE	AMOUNT[1500]
1691164349	wh2_main_incident_all_character_exp_up	CHARACTER_EXPERIENCE	AMOUNT[1000]
1694604079	wh2_main_incident_def_agent_spy	SPAWN_AGENT	AGENT[spy];AP_FACTOR[1.0]
1696626837	wh2_main_incident_def_research_rate_up	wh2_main_incident_def_research_rate_up	DURATION[4]
1700134417	wh2_dlc11_treasure_hunt_puzzle_success_puzzle_2_7	TREASURY	AMOUNT[1000]
1710867305	wh2_dlc09_tmb_incident_memories_of_the_past	wh2_dlc09_payload_incident_memories_of_the_past	DURATION[10]
1711686493	wh2_main_incident_lzd_recruitment_morale_up_against_def_skv	wh2_main_effect_force_unit_stat_morale_versus_skaven	DURATION[4]
1714380969	wh2_dlc11_incident_neo_encounter_at_sea_1_c_tmb	TREASURY	AMOUNT[500]
1715922132	wh2_main_incident_encounter_at_sea_3_b_nor	TEXT_DISPLAY	LOOKUP[dummy_wh2_main_encounter_at_sea_2]
171683746	wh_dlc08_qb_nor_monster_hunt_4_stage_3_2_mpc	TREASURY	AMOUNT[1000]
172647422	wh2_dlc11_treasure_hunt_puzzle_success_puzzle_3_2	ADD_ANCILLARY	RANDOM_ANCILLARY;TARGET_OWNING_FACTION
1728004490	wh2_main_incident_encounter_at_sea_2_c	wh2_main_encounter_at_sea_campaign_treasure_1	DURATION[6]
1732398369	wh2_main_incident_all_wom_up_greatly_miscast_rate_up	wh2_main_incident_all_wom_up_greatly_miscast_rate_up	DURATION[3]
1736906411	wh2_main_incident_all_campaign_movement_down_replenish_up	wh2_main_incident_all_campaign_movement_down_replenish_up	DURATION[4]
1738027983	wh2_main_incident_intrigue_hef_negative_1c	DIPLOMATIC_STANDING	AMOUNT[-4]
1744502381	wh2_main_incident_encounter_at_sea_2_b	TEXT_DISPLAY	LOOKUP[dummy_wh2_main_encounter_at_sea_2]
1745639772	wh2_dlc11_cst_harkon_mind_change_coward	wh2_dlc11_harkon_mind_dummy_coward	DURATION[0]
175181867	wh2_main_incident_intrigue_any_negative_1d	DIPLOMATIC_STANDING	AMOUNT[-4]
1766340310	wh2_dlc11_treasure_hunt_puzzle_success_puzzle_3_12	TREASURY	AMOUNT[1000]
177005430	wh2_main_incident_def_public_order_down	TARGET	EVENT
177374138	wh2_main_incident_intrigue_def_positive_1b	DIPLOMATIC_STANDING	AMOUNT[4]
1776479658	wh2_main_encounter_at_sea_combat_3_nor	TREASURY	AMOUNT[1000]
1776789173	wh2_dlc11_treasure_hunt_puzzle_success_puzzle_2_11	ADD_ANCILLARY	RANDOM_ANCILLARY;TARGET_OWNING_FACTION
1777638507	wh2_main_incident_skv_campaign_movement_range_increase	wh2_main_incident_skv_campaign_movement_range_increase	DURATION[5]
1778664884	wh2_main_incident_hef_ranged_unit_exp_up	wh_main_payload_training_infantry_ranged	DURATION[4]
178276574	wh2_dlc10_incident_alarielle_start_ap_bonus	wh2_dlc10_alarielle_start_ap_bonus	DURATION[10]
1785103253	wh2_main_incident_all_growth_up_greatly_gdp_down	wh2_main_incident_all_growth_up_greatly_gdp_down	DURATION[3]
1789646341	wh_dlc08_qb_nor_monster_hunt_1_stage_4	SPAWN_AGENT	AGENT[wizard];AP_FACTOR[1.0]
1793964909	wh2_main_incident_intrigue_hef_negative_1d	DIPLOMATIC_STANDING	AMOUNT[-4]
1798605974	wh_dlc08_incident_nor_avenge_the_gods	wh_dlc08_payload_event_avenge_the_gods	DURATION[15]
1800921777	wh2_main_incident_intrigue_any_positive_2b	DIPLOMATIC_STANDING	AMOUNT[5]
1804378846	wh2_main_encounter_at_sea_campaign_1	wh2_main_encounter_at_sea_campaign_1_dummy	DURATION[10]
1808346695	wh2_main_incident_intrigue_emp_negative_2	DIPLOMATIC_STANDING	AMOUNT[-5]
181016584	wh2_main_incident_intrigue_skv_positive_2a	DIPLOMATIC_STANDING	AMOUNT[5]
1811378872	wh2_main_incident_def_building_cost_down	wh2_main_incident_def_building_cost_down	DURATION[5]
1817587614	wh2_main_incident_intrigue_any_negative_1c	DIPLOMATIC_STANDING	AMOUNT[-4]
1821042640	wh2_main_incident_intrigue_emp_positive_1	DIPLOMATIC_STANDING	AMOUNT[4]
1833061317	wh2_dlc11_treasure_hunt_puzzle_success_puzzle_3_11	TREASURY	AMOUNT[1000]
1841477760	wh2_dlc11_treasure_hunt_puzzle_success_puzzle_3_9	TREASURY	AMOUNT[1000]
1845798172	wh2_dlc11_treasure_hunt_puzzle_success_puzzle_2_8	ADD_ANCILLARY	RANDOM_ANCILLARY;TARGET_OWNING_FACTION
1846190014	wh2_main_incident_skv_agent_engineer	SPAWN_AGENT	AGENT[engineer];AP_FACTOR[1.0]
1853179381	wh2_dlc11_treasure_hunt_puzzle_success_puzzle_4_8	TREASURY	AMOUNT[1000]
18537400	wh2_dlc11_incident_neo_encounter_at_sea_1_c	TREASURY	AMOUNT[1000]
1859812160	wh2_dlc11_incident_neo_encounter_at_sea_1_c_nor	TREASURY	AMOUNT[500]
1861751214	wh2_main_incident_def_chaos_corruption_up	wh_main_payload_chaos_corruption	DURATION[5]
1863628103	wh2_main_incident_intrigue_hef_positive_1a	DIPLOMATIC_STANDING	AMOUNT[4]
1872883123	wh2_main_incident_all_public_order_up	wh2_main_payload_public_order_positive_all_province	DURATION[3];GLOBAL
1876940766	wh2_main_incident_all_public_order_down_greatly_recruitment_cost_down_greatly	TARGET	EVENT
1882006890	wh2_main_incident_encounter_at_sea_3_c_tmb	TREASURY	AMOUNT[2500]
1885060836	wh2_main_encounter_at_sea_combat_2_nor	wh2_main_encounter_at_sea_combat_2_dummy	DURATION[10]
1886727934	wh_dlc08_incident_nor_sign_in_ice	wh_dlc08_payload_event_sign_in_ice	DURATION[15]
18967370	wh2_main_incident_intrigue_skv_positive_1a	DIPLOMATIC_STANDING	AMOUNT[4]
1898577371	wh2_dlc11_incident_neo_encounter_at_sea_2_a_tmb	TREASURY	AMOUNT[500]
1904676407	wh2_dlc09_tmb_incident_paychest_mercenaries	wh2_dlc09_payload_incident_paychest_mercenaries	DURATION[10]
190521482	wh2_dlc11_treasure_hunt_puzzle_success_puzzle_4_9	ADD_ANCILLARY	RANDOM_ANCILLARY;TARGET_OWNING_FACTION
1907089913	wh2_dlc11_incident_neo_encounter_at_sea_1_b	TREASURY	AMOUNT[1000]
1907169077	wh2_dlc11_treasure_hunt_puzzle_success_puzzle_4_8	ADD_ANCILLARY	RANDOM_ANCILLARY;TARGET_OWNING_FACTION
1913172604	wh2_dlc11_treasure_hunt_puzzle_success_puzzle_2_12	TREASURY	AMOUNT[1000]
1915099225	wh2_main_encounter_at_sea_combat_3_nor	wh2_main_encounter_at_sea_combat_3_dummy	DURATION[10]
1916853244	wh2_dlc11_treasure_hunt_puzzle_success_puzzle_3_1	TREASURY	AMOUNT[1000]
1917746769	wh2_main_incident_intrigue_def_negative_1c	DIPLOMATIC_STANDING	AMOUNT[-4]
1924260838	wh2_dlc11_incident_neo_encounter_at_sea_3_c_nor	TREASURY	AMOUNT[500]
1926302542	wh2_main_incident_intrigue_emp_negative_1	DIPLOMATIC_STANDING	AMOUNT[-4]
1928753639	wh2_main_incident_hef_morale_up_melee_defense_up_against_def	wh2_main_incident_hef_morale_up_melee_defense_up_against_def	DURATION[5]
1932026735	wh2_main_incident_hef_morale_up_public_order_up	TARGET	EVENT
1936234599	wh2_dlc11_treasure_hunt_puzzle_success_puzzle_4_2	ADD_ANCILLARY	RANDOM_ANCILLARY;TARGET_OWNING_FACTION
1944563572	wh2_main_incident_encounter_at_sea_4_a_nor	ADD_ANCILLARY	RANDOM_ANCILLARY;TARGET_OWNING_FACTION
1944818834	wh2_main_incident_skv_agent_engineer	TARGET	CAPITAL
1952026359	wh2_dlc09_incident_tmb_campaign_won	TARGET	EVENT
1962065672	wh2_dlc09_tmb_incident_raining_magma	TARGET	EVENT
1965756088	wh2_dlc09_settra_the_crown_of_nehekhara_stage_3_b	wh2_dlc09_settra_skeleton_rank_payload	AMOUNT[5]
1982525655	wh2_main_incident_skv_public_order_down	wh_main_payload_public_order_negative_province	DURATION[4]
1982862740	wh2_dlc11_treasure_hunt_puzzle_success_puzzle_3_6	ADD_ANCILLARY	RANDOM_ANCILLARY;TARGET_OWNING_FACTION
1985333237	wh2_main_incident_intrigue_lzd_negative_2a	DIPLOMATIC_STANDING	AMOUNT[-5]
1987054129	wh2_dlc11_treasure_hunt_puzzle_success_puzzle_1_9	ADD_ANCILLARY	RANDOM_ANCILLARY;TARGET_OWNING_FACTION
1990154559	wh2_dlc11_treasure_hunt_puzzle_success_puzzle_2_9	ADD_ANCILLARY	RANDOM_ANCILLARY;TARGET_OWNING_FACTION
1990248106	wh2_main_encounter_at_sea_combat_5_tmb	TREASURY	AMOUNT[1000]
1997392039	wh2_main_encounter_at_sea_combat_2	wh2_main_encounter_at_sea_combat_2_dummy	DURATION[10]
1999569352	wh2_dlc11_treasure_hunt_puzzle_success_puzzle_4_3	ADD_ANCILLARY	RANDOM_ANCILLARY;TARGET_OWNING_FACTION
2000505130	wh2_dlc11_treasure_hunt_puzzle_success_puzzle_3_7	ADD_ANCILLARY	RANDOM_ANCILLARY;TARGET_OWNING_FACTION
2002236735	wh2_main_incident_intrigue_def_positive_2a	DIPLOMATIC_STANDING	AMOUNT[5]
2008452883	wh2_main_incident_intrigue_hef_positive_1d	DIPLOMATIC_STANDING	AMOUNT[4]
2015137246	wh2_main_encounter_at_sea_campaign_4_tmb	TREASURY	AMOUNT[1000]
2018121815	wh2_main_incident_hef_damage_building	DAMAGE_BUILDING	MIN[1];MAX[2]
2026282672	wh2_dlc11_incident_neo_encounter_at_sea_3_b	TREASURY	AMOUNT[1000]
2033618977	wh2_main_incident_lzd_building_cost_down	wh2_main_incident_lzd_building_cost_down	DURATION[4]
2037824198	wh2_main_incident_skv_raid_sacking_income_up	wh2_main_incident_skv_raid_sacking_income_up	DURATION[4]
2046926003	wh2_dlc11_incident_neo_encounter_at_sea_3_b_tmb	TREASURY	AMOUNT[500]
2051516463	wh2_dlc11_treasure_hunt_puzzle_success_puzzle_1_1	TREASURY	AMOUNT[1000]
2052071596	wh2_dlc10_incident_hef_alarielle_torment_decrease	TEXT_DISPLAY	LOOKUP[dummy_mortal_worlds_torment_decrease]
2053264602	wh2_main_incident_encounter_at_sea_3_a_nor	TREASURY	AMOUNT[3000]
2054676906	wh2_main_encounter_at_sea_campaign_2_nor	wh2_main_encounter_at_sea_campaign_2_dummy	DURATION[10]
2061604591	wh2_main_dilemma_treasure_hunt_trapped_survivor_2_a_spy	SPAWN_AGENT	AGENT[spy];AP_FACTOR[1.0]
2061968358	wh2_dlc11_incident_epilogue_cst_noctilus	wh2_dlc11_payload_amanar_control	DURATION[0]
206520824	wh2_dlc11_treasure_hunt_puzzle_success_puzzle_4_9	TREASURY	AMOUNT[1000]
2066136727	wh2_main_incident_hef_growth_down	wh_main_payload_growth_negative_province	DURATION[5]
2066449471	wh2_main_encounter_at_sea_combat_3	ADD_ANCILLARY	RANDOM_ANCILLARY;TARGET_OWNING_FACTION
2068694550	wh2_main_incident_def_damage_building_slave_down	TARGET	EVENT
2068777352	wh2_dlc11_treasure_hunt_puzzle_success_puzzle_3_9	ADD_ANCILLARY	RANDOM_ANCILLARY;TARGET_OWNING_FACTION
207110134	wh2_main_incident_encounter_at_sea_2_a_tmb	TREASURY	AMOUNT[3000]
2075308589	wh2_main_incident_skv_siege_time_down	wh2_main_incident_skv_siege_time_down	DURATION[5]
2092703546	wh2_dlc10_alarielle_shieldstone_of_isha	ADD_ANCILLARY	ANCILLARY_KEY[wh2_dlc10_anc_talisman_shieldstone_of_isha];TARGET_OWNING_FACTION
2102714892	wh_dlc08_qb_nor_monster_hunt_4_stage_3b	TREASURY	AMOUNT[-2000]
2102914012	wh2_main_encounter_at_sea_campaign_2_tmb	wh2_main_encounter_at_sea_campaign_2_dummy	DURATION[10]
2104362567	wh2_main_incident_def_replenish_rate_up_campaign_movement_up	wh2_main_incident_replenish_rate_up_campaign_movement_up	DURATION[5]
2105460472	wh_dlc08_incident_nor_phar_away_gold	TREASURY	AMOUNT[5000]
2116212761	wh2_main_incident_intrigue_lzd_positive_1c	DIPLOMATIC_STANDING	AMOUNT[4]
2116928464	wh2_main_incident_all_construction_cost_down	wh2_main_incident_all_construction_cost_down	DURATION[5]
2123723661	wh2_dlc11_cst_incident_rotten_weather	wh2_dlc11_payload_incident_rotten_weather	DURATION[5]
2125132711	wh2_main_incident_def_agent_spy	TARGET	CAPITAL
2125843430	wh2_dlc11_cst_incident_dissenting_voices	wh2_dlc11_payload_incident_dissenting_voices	DURATION[5]
2126822733	wh2_main_incident_encounter_at_sea_2_c_nor	TREASURY	AMOUNT[2500]
2135907571	wh2_main_incident_intrigue_emp_positive_3	DIPLOMATIC_STANDING	AMOUNT[6]
2141367183	wh2_dlc11_incident_neo_encounter_at_sea_2_b	TREASURY	AMOUNT[1000]
2143485082	wh2_main_encounter_at_sea_combat_4_tmb	TREASURY	AMOUNT[1000]
2147018375	wh2_dlc10_incident_def_death_night	TEXT_DISPLAY	LOOKUP[dummy_dlc10_blood_voyage_next_turn]
219287956	wh2_main_incident_intrigue_lzd_negative_1b	DIPLOMATIC_STANDING	AMOUNT[-4]
227227878	wh2_dlc11_treasure_hunt_puzzle_success_puzzle_4_3	TREASURY	AMOUNT[1000]
227850209	wh2_main_encounter_at_sea_campaign_1_nor	TREASURY	AMOUNT[1000]
233436775	wh2_main_incident_encounter_at_sea_4_a	ADD_ANCILLARY	RANDOM_ANCILLARY;TARGET_OWNING_FACTION
237287652	wh2_dlc11_treasure_hunt_puzzle_success_puzzle_1_9	TREASURY	AMOUNT[1000]
238443526	wh2_dlc11_incident_neo_encounter_at_sea_2_a_nor	TREASURY	AMOUNT[500]
242980217	wh2_dlc11_treasure_hunt_puzzle_success_puzzle_4_6	TREASURY	AMOUNT[1000]
246491891	wh2_main_incident_intrigue_def_positive_1a	DIPLOMATIC_STANDING	AMOUNT[4]
259072956	wh2_main_encounter_at_sea_campaign_1_tmb	TREASURY	AMOUNT[1000]
259216397	wh2_dlc11_treasure_hunt_puzzle_success_puzzle_2_2	TREASURY	AMOUNT[1000]
271212326	wh2_main_incident_intrigue_hef_positive_2a	DIPLOMATIC_STANDING	AMOUNT[5]
271735400	wh_dlc08_incident_nor_useless_contraptions	wh_dlc08_payload_event_useless_contraptions	DURATION[15]
27260461	wh2_main_incident_skv_agent_champion	SPAWN_AGENT	AGENT[spy];AP_FACTOR[1.0]
279582629	wh2_dlc11_cst_incident_favourable_winds	wh2_dlc11_payload_incident_favourable_winds	DURATION[10]
287238085	wh2_main_incident_all_character_exp_greatly_up_character_wound	WOUND_CHARACTER	
292368463	wh2_dlc11_incident_neo_encounter_at_sea_3_a_tmb	TREASURY	AMOUNT[500]
300246778	wh2_main_incident_encounter_at_sea_2_c_tmb	wh2_main_encounter_at_sea_campaign_treasure_1	DURATION[6]
301745485	wh2_dlc11_treasure_hunt_puzzle_success_puzzle_3_2	TREASURY	AMOUNT[1000]
303963670	wh2_dlc11_treasure_hunt_puzzle_success_puzzle_3_8	ADD_ANCILLARY	RANDOM_ANCILLARY;TARGET_OWNING_FACTION
304349533	wh2_main_encounter_at_sea_combat_1	wh2_main_encounter_at_sea_combat_1_dummy	DURATION[10]
308294835	wh2_main_encounter_at_sea_combat_2_tmb	TREASURY	AMOUNT[1000]
310829109	wh2_main_incident_all_damage_building	TARGET	EVENT
314098936	wh2_main_incident_hef_damage_building	TARGET	EVENT
321037560	wh2_main_incident_all_gdp_up	wh2_main_incident_all_gdp_up	DURATION[3]
324750413	wh2_main_encounter_at_sea_campaign_4	ADD_ANCILLARY	RANDOM_ANCILLARY;TARGET_OWNING_FACTION
330769254	wh2_dlc11_treasure_hunt_puzzle_success_puzzle_1_6	TREASURY	AMOUNT[1000]
333639821	wh2_main_encounter_at_sea_combat_2_nor	TREASURY	AMOUNT[1000]
339575763	wh2_main_incident_intrigue_def_positive_3a	DIPLOMATIC_STANDING	AMOUNT[6]
349628208	wh2_main_incident_intrigue_any_negative_2a	DIPLOMATIC_STANDING	AMOUNT[-5]
360322274	wh_dlc08_qb_nor_monster_hunt_1_stage_4	TARGET	CAPITAL
360597814	wh2_dlc11_incident_epilogue_cst_aranessa	wh2_dlc11_payload_amanar_control	DURATION[0]
36259279	wh2_dlc09_tmb_incident_raining_magma	wh_main_effect_campaign_enable_attrition	DURATION[1]
363295446	wh2_main_incident_hef_chaos_corruption_up	wh_main_payload_chaos_corruption	DURATION[5]
36491296	wh2_main_incident_lzd_agent_wizard	SPAWN_AGENT	AGENT[wizard];AP_FACTOR[1.0]
36818652	wh2_main_encounter_at_sea_combat_4_nor	TREASURY	AMOUNT[1000]
371276439	wh2_dlc11_treasure_hunt_puzzle_success_puzzle_3_1	ADD_ANCILLARY	RANDOM_ANCILLARY;TARGET_OWNING_FACTION
373326606	wh2_dlc11_cst_incident_shallow_graves	wh2_dlc11_payload_incident_shallow_graves	DURATION[10]
373574295	wh2_main_incident_all_gdp_down	wh2_main_incident_all_gdp_down	DURATION[3]
384854057	wh_dlc07_incident_greenskin_rebelions	wh_dlc07_payload_greenskins_incursions	DURATION[20]
385078804	wh_dlc08_qb_nor_monster_hunt_1_stage_4	TREASURY	AMOUNT[-1500]
403036016	wh2_main_incident_intrigue_any_negative_3b	DIPLOMATIC_STANDING	AMOUNT[-6]
403487038	wh2_main_encounter_at_sea_combat_4	TREASURY	AMOUNT[1500]
405087827	wh2_main_incident_encounter_at_sea_1_c	ADD_ANCILLARY	RANDOM_ANCILLARY;TARGET_OWNING_FACTION
416709695	wh2_main_incident_all_growth_up_greatly_gdp_down	TARGET	EVENT
421919902	wh2_main_incident_all_damage_building	DAMAGE_BUILDING	MIN[1];MAX[2]
423455035	wh2_dlc11_treasure_hunt_puzzle_success_puzzle_2_3	TREASURY	AMOUNT[1000]
429383025	wh2_main_incident_intrigue_hef_positive_2b	DIPLOMATIC_STANDING	AMOUNT[5]
431447388	wh2_main_incident_lzd_morale_down_recruitment_cost_up	wh2_main_incident_lzd_morale_down_recruitment_cost_up	DURATION[3]
432593109	wh2_dlc11_incident_neo_encounter_at_sea_3_c	TREASURY	AMOUNT[1000]
43311018	wh2_dlc09_tmb_arkhan_the_tomb_blade_of_arkhan_stage_3b	wh2_dlc09_tmb_arkhan_tomb_blade_of_arkhan_stage_3b	DURATION[5]
44461941	wh2_dlc11_incident_neo_encounter_at_sea_1_b_tmb	TREASURY	AMOUNT[500]
445286182	wh2_dlc11_treasure_hunt_puzzle_success_puzzle_2_1	TREASURY	AMOUNT[1000]
445774863	wh2_dlc09_great_vortex_settra_the_crown_of_nehekhara_stage_3_a	wh2_dlc09_settra_sacrifice_payload	AMOUNT[5]
449584682	wh2_dlc11_treasure_hunt_puzzle_success_puzzle_1_3	ADD_ANCILLARY	RANDOM_ANCILLARY;TARGET_OWNING_FACTION
455699338	wh2_dlc11_treasure_hunt_puzzle_success_puzzle_2_8	TREASURY	AMOUNT[1000]
460729452	wh2_dlc11_incident_epilogue_cst_harkon	wh2_dlc11_payload_amanar_control	DURATION[0]
463107443	wh2_dlc11_treasure_hunt_puzzle_success_puzzle_2_6	TREASURY	AMOUNT[1000]
468789378	wh2_main_incident_all_construction_cost_up	wh2_main_incident_all_construction_cost_up	DURATION[5]
469270220	wh2_main_incident_intrigue_hef_positive_1c	DIPLOMATIC_STANDING	AMOUNT[4]
477239477	wh2_dlc11_neo_counter_extra_loot	TREASURY	AMOUNT[7000]
479063524	wh2_main_dilemma_treasure_hunt_lone_wanderer_3_a_spy	SPAWN_AGENT	AGENT[spy];AP_FACTOR[1.0]
484243402	wh2_main_incident_encounter_at_sea_2_c	ADD_ANCILLARY	RANDOM_ANCILLARY;TARGET_OWNING_FACTION
485596929	wh2_main_incident_intrigue_def_negative_1a	DIPLOMATIC_STANDING	AMOUNT[-4]
487839635	wh2_main_incident_lzd_agent_champion	SPAWN_AGENT	AGENT[champion];AP_FACTOR[1.0]
489026400	wh2_main_encounter_at_sea_combat_1_tmb	TREASURY	AMOUNT[1000]
492003387	wh2_dlc11_incident_neo_encounter_at_sea_1_a_nor	TREASURY	AMOUNT[500]
497530125	wh2_main_incident_all_morale_up	wh2_main_payload_morale_all_up_incident	DURATION[3]
513401450	wh2_dlc11_treasure_hunt_puzzle_success_puzzle_4_1	ADD_ANCILLARY	RANDOM_ANCILLARY;TARGET_OWNING_FACTION
516383425	wh2_main_incident_hef_public_order_down	wh_main_payload_public_order_negative_province	DURATION[4]
517661165	wh2_main_incident_encounter_at_sea_4_a_tmb	ADD_ANCILLARY	RANDOM_ANCILLARY;TARGET_OWNING_FACTION
518986452	wh2_main_encounter_at_sea_campaign_4_nor	wh2_main_encounter_at_sea_campaign_4_dummy	DURATION[10]
529063840	wh2_main_encounter_at_sea_combat_3_tmb	wh2_main_encounter_at_sea_combat_3_dummy	DURATION[10]
543824080	wh2_dlc09_tmb_incident_undead_pirates	wh2_dlc09_payload_incident_undead_pirates	DURATION[10]
547692884	wh2_main_encounter_at_sea_campaign_2_nor	TREASURY	AMOUNT[1000]
548191171	wh2_main_incident_all_agent_action_chance_up	wh2_main_incident_all_agent_action_chance_up	DURATION[5]
551608147	wh2_main_incident_lzd_morale_up_public_order_up	wh2_main_incident_lzd_morale_up_public_order_up	DURATION[3]
56164429	wh2_main_incident_intrigue_skv_negative_1b	DIPLOMATIC_STANDING	AMOUNT[-4]
562021959	wh2_dlc11_treasure_hunt_puzzle_success_puzzle_2_7	ADD_ANCILLARY	RANDOM_ANCILLARY;TARGET_OWNING_FACTION
563061061	wh2_main_incident_hef_trade_income_up	wh2_main_incident_trade_income_up	DURATION[4]
563879730	wh2_main_incident_skv_morale_down_recruitment_cost_up	wh2_main_incident_skv_morale_down_recruitment_cost_up	DURATION[2]
56830296	wh2_main_incident_def_cold_one_melee_attack_up	wh2_main_incident_def_cold_one_melee_attack_up	DURATION[5]
573558447	wh2_main_incident_all_public_order_down_greatly_recruitment_cost_down_greatly	wh2_main_incident_all_public_order_down_greatly_recruitment_cost_down_greatly	DURATION[5]
575165140	wh2_main_incident_all_agent_action_cost_down	wh2_main_incident_all_agent_action_cost_down	DURATION[5]
575432976	wh2_main_incident_encounter_at_sea_2_a	TREASURY	AMOUNT[8000]
575981570	wh2_dlc09_tmb_incident_riders_graveyard	wh2_dlc09_payload_incident_riders_graveyard	DURATION[10]
581533795	wh2_main_incident_lzd_public_order_up_temple_guard_recruitment_cost_down	wh2_main_incident_lzd_public_order_up_temple_guard_recruitment_cost_down	DURATION[4]
585174362	wh2_main_encounter_at_sea_campaign_1	TREASURY	AMOUNT[1500]
586083167	wh2_main_incident_lzd_agent_champion	TARGET	CAPITAL
588475851	wh2_dlc11_treasure_hunt_puzzle_success_puzzle_4_4	TREASURY	AMOUNT[1000]
592006288	wh2_main_incident_intrigue_def_negative_1b	DIPLOMATIC_STANDING	AMOUNT[-4]
592507279	wh2_main_incident_lzd_morale_up_againt_chs_nors_bst_vmp	wh_main_payload_morale_versus_vampires	DURATION[7]
592600841	wh2_main_dilemma_treasure_hunt_lone_wanderer_3_a_spy	TARGET	CAPITAL
593464877	wh2_main_incident_def_raid_sack_income_up	wh2_main_incident_def_raid_sack_income_up	DURATION[5]
598282911	wh_dlc08_incident_nor_unworldly_gift	wh_dlc08_payload_event_unworldly_gift	DURATION[10]
599195280	wh2_main_incident_all_melee_defense_up	wh2_main_incident_all_melee_defense_up	DURATION[4]
599838709	wh2_main_incident_intrigue_any_positive_2a	DIPLOMATIC_STANDING	AMOUNT[5]
619030546	wh2_dlc11_incident_neo_encounter_at_sea_4_a_nor	TREASURY	AMOUNT[500]
635683578	wh2_dlc11_treasure_hunt_puzzle_success_puzzle_3_3	ADD_ANCILLARY	RANDOM_ANCILLARY;TARGET_OWNING_FACTION
640792434	wh_dlc08_incident_nor_blood_favours	wh_dlc08_payload_event_blood_favours	DURATION[10]
642337795	wh2_main_incident_lzd_public_order_down	TARGET	EVENT
642879599	wh2_dlc11_treasure_hunt_puzzle_success_puzzle_2_10	ADD_ANCILLARY	RANDOM_ANCILLARY;TARGET_OWNING_FACTION
644226659	wh2_main_encounter_at_sea_combat_4_nor	wh2_main_encounter_at_sea_combat_4_dummy	DURATION[10]
644722006	wh2_main_incident_intrigue_hef_negative_3b	DIPLOMATIC_STANDING	AMOUNT[-6]
650742333	wh2_main_incident_encounter_at_sea_1_c	TREASURY	AMOUNT[6000]
653321528	wh2_main_incident_all_ranged_weapon_damage_up	wh2_main_incident_all_ranged_weapon_damage_up	DURATION[5]
654085000	wh2_dlc11_incident_neo_encounter_at_sea_1_a	TREASURY	AMOUNT[1000]
66315651	wh2_main_incident_all_melee_attack_up	wh2_main_incident_all_melee_attack_up	DURATION[4]
664828733	wh2_dlc10_incident_def_death_night_no_voyage	TEXT_DISPLAY	LOOKUP[dummy_dlc10_death_night_cost_increase]
667130019	wh2_main_incident_hef_agent_champion	TARGET	CAPITAL
667980685	wh2_dlc11_treasure_hunt_puzzle_success_puzzle_3_8	TREASURY	AMOUNT[1000]
668388913	wh2_main_incident_encounter_at_sea_4_a_nor	TREASURY	AMOUNT[10000]
673587260	wh2_main_incident_hef_research_rate_up	wh2_main_incident_hef_research_rate_up	DURATION[4]
673594400	wh2_dlc10_monster_hunt_8_stage_3b	TREASURY	AMOUNT[1000]
678652363	wh2_dlc09_incident_tmb_campaign_won	wh2_dlc09_effect_black_pyramid	DURATION[0];GLOBAL
679814873	wh2_main_incident_intrigue_hef_positive_3a	DIPLOMATIC_STANDING	AMOUNT[6]
695778591	wh2_dlc11_cst_incident_unnatural_talent	wh2_dlc11_payload_incident_unnatural_talent	DURATION[10]
696002607	wh2_main_encounter_at_sea_combat_5	wh2_main_encounter_at_sea_combat_5_dummy	DURATION[10]
709096016	wh2_main_incident_def_public_order_down	wh_main_payload_public_order_negative_province	DURATION[4]
720125501	wh2_main_incident_intrigue_any_negative_1b	DIPLOMATIC_STANDING	AMOUNT[-4]
72083887	wh_dlc08_incident_nor_fresh_meat	wh_dlc08_payload_event_fresh_meat	DURATION[10]
724956730	wh2_main_incident_def_death_hag_witch_elves_recruitment_cost_down_exp_up	wh2_main_incident_def_death_hag_witch_elves_recruitment_cost_down_exp_up	DURATION[4]
72784758	wh_dlc08_qb_nor_monster_hunt_4_stage_3_2	TREASURY	AMOUNT[1000]
727880286	wh2_dlc11_cst_incident_strength_from_shyish	wh2_dlc11_payload_incident_strength_from_shyish	DURATION[10]
729828271	wh2_main_incident_hef_phoenix_recruitment_cost_down	wh2_main_incident_hef_phoenix_recruitment_cost_down	DURATION[3]
733146717	wh2_main_incident_lzd_growth_down	TARGET	EVENT
736120133	wh2_dlc11_incident_neo_encounter_at_sea_2_a	TREASURY	AMOUNT[1000]
738070772	wh2_main_incident_intrigue_any_positive_3a	DIPLOMATIC_STANDING	AMOUNT[6]
738169804	wh2_main_incident_intrigue_emp_negative_3	DIPLOMATIC_STANDING	AMOUNT[-6]
739762828	wh2_dlc09_settra_the_crown_of_nehekhara_stage_3_a	wh2_dlc09_settra_sacrifice_payload	AMOUNT[5]
740570309	wh2_dlc11_treasure_hunt_puzzle_success_puzzle_4_5	TREASURY	AMOUNT[1000]
74511079	wh2_main_incident_intrigue_any_positive_3b	DIPLOMATIC_STANDING	AMOUNT[6]
751621385	wh2_dlc10_monster_hunt_8_stage_2	TREASURY	AMOUNT[1000]
754300443	wh2_main_incident_intrigue_hef_positive_1b	DIPLOMATIC_STANDING	AMOUNT[4]
757931299	wh2_main_encounter_at_sea_campaign_3_nor	wh2_main_encounter_at_sea_campaign_3_dummy	DURATION[10]
76225883	wh2_main_incident_encounter_at_sea_3_b	TEXT_DISPLAY	LOOKUP[dummy_wh2_main_encounter_at_sea_2]
782748612	wh2_dlc11_incident_epilogue_cst_cylostra	wh2_dlc11_payload_amanar_control	DURATION[0]
78355095	wh2_dlc11_treasure_hunt_puzzle_success_puzzle_1_4	ADD_ANCILLARY	RANDOM_ANCILLARY;TARGET_OWNING_FACTION
789871714	wh2_main_incident_intrigue_skv_negative_1c	DIPLOMATIC_STANDING	AMOUNT[-4]
793633412	wh2_main_incident_def_army_morale_up_public_oder_increses	TARGET	EVENT
794738422	wh2_main_incident_all_wom_down	wh2_main_incident_all_wom_down	DURATION[5]
798037823	wh2_dlc11_treasure_hunt_puzzle_success_puzzle_1_5	TREASURY	AMOUNT[1000]
804113541	wh2_dlc11_treasure_hunt_puzzle_success_puzzle_4_1	ADD_ANCILLARY	RANDOM_ANCILLARY;TARGET_OWNING_FACTION
805008270	wh2_dlc11_incident_neo_encounter_at_sea_3_c_tmb	TREASURY	AMOUNT[500]
805927055	wh_dlc08_qb_nor_monster_hunt_0_stage_3b	TREASURY	AMOUNT[-1000]
809081138	wh2_main_encounter_at_sea_combat_1_nor	TREASURY	AMOUNT[1000]
811172929	wh2_main_incident_intrigue_hef_negative_1b	DIPLOMATIC_STANDING	AMOUNT[-4]
816054016	wh2_dlc11_treasure_hunt_puzzle_success_puzzle_2_6	ADD_ANCILLARY	RANDOM_ANCILLARY;TARGET_OWNING_FACTION
816328463	wh2_dlc11_incident_neo_encounter_at_sea_2_b_tmb	TREASURY	AMOUNT[500]
818620277	wh2_dlc09_great_vortex_tmb_arkhan_the_tomb_blade_of_arkhan_stage_3b	wh2_dlc09_great_vortex_tmb_arkhan_tomb_blade_of_arkhan_stage_3b	DURATION[5]
818651697	wh2_dlc11_treasure_hunt_puzzle_success_puzzle_4_1	TREASURY	AMOUNT[1000]
821145780	wh2_dlc11_cst_incident_overflowing_with_power	wh2_dlc11_payload_incident_overflowing_with_power	DURATION[10]
825473477	wh2_dlc11_treasure_hunt_puzzle_success_puzzle_2_10	TREASURY	AMOUNT[1000]
827009761	wh_dlc08_incident_nor_phar_away_gold	wh_dlc08_payload_event_phar_away_gold	DURATION[10]
838092150	wh2_dlc11_treasure_hunt_puzzle_success_puzzle_2_1	ADD_ANCILLARY	RANDOM_ANCILLARY;TARGET_OWNING_FACTION
839875909	wh2_main_incident_skv_agent_champion	TARGET	CAPITAL
841293180	wh2_main_incident_encounter_at_sea_2_c_nor	wh2_main_encounter_at_sea_campaign_treasure_1	DURATION[6]
847515799	wh2_dlc11_treasure_hunt_puzzle_success_puzzle_4_2	TREASURY	AMOUNT[1000]
856731607	wh2_dlc10_incident_def_death_night	TEXT_DISPLAY	LOOKUP[dummy_dlc10_death_night_cost_increase]
857959886	wh2_dlc10_incident_def_death_night_no_slaves	TEXT_DISPLAY	LOOKUP[dummy_dlc10_blood_voyage_next_turn]
862214182	wh2_main_dilemma_treasure_hunt_shrine_to_nagash_2_a_horde	wh2_main_payload_treasure_hunt_shrine_to_nagash_2_a_horde	DURATION[6]
862229526	wh2_main_incident_intrigue_any_positive_1b	DIPLOMATIC_STANDING	AMOUNT[4]
862898503	wh2_main_encounter_at_sea_campaign_3_tmb	TREASURY	AMOUNT[1000]
870056551	wh2_main_incident_encounter_at_sea_2_b_tmb	TEXT_DISPLAY	LOOKUP[dummy_wh2_main_encounter_at_sea_2]
88002371	wh2_main_incident_encounter_at_sea_4_a	TREASURY	AMOUNT[20000]
891102565	wh2_dlc11_treasure_hunt_puzzle_success_puzzle_2_11	TREASURY	AMOUNT[1000]
89655955	wh2_dlc11_incident_cst_sea_shanty_gained_3	wh2_dlc11_payload_sea_shanty_verse_3	DURATION[0]
902487306	wh2_dlc11_incident_neo_encounter_at_sea_2_c_nor	TREASURY	AMOUNT[500]
906153646	wh2_main_encounter_at_sea_combat_5_nor	TREASURY	AMOUNT[1000]
910381061	wh2_main_incident_intrigue_hef_negative_1a	DIPLOMATIC_STANDING	AMOUNT[-4]
910719923	wh2_main_incident_all_growth_down	wh2_main_payload_growth_negative_all_province	DURATION[3]
913550442	wh2_dlc11_treasure_hunt_puzzle_success_puzzle_1_8	ADD_ANCILLARY	RANDOM_ANCILLARY;TARGET_OWNING_FACTION
915138162	wh2_dlc11_treasure_hunt_puzzle_success_puzzle_4_6	ADD_ANCILLARY	RANDOM_ANCILLARY;TARGET_OWNING_FACTION
917190686	wh2_dlc11_treasure_hunt_puzzle_success_puzzle_3_11	ADD_ANCILLARY	RANDOM_ANCILLARY;TARGET_OWNING_FACTION
918041749	wh2_main_incident_encounter_at_sea_1_b	TREASURY	AMOUNT[6000]
91925183	wh2_main_encounter_at_sea_campaign_1_nor	wh2_main_encounter_at_sea_campaign_1_dummy	DURATION[10]
922665930	wh2_main_incident_all_morale_down	wh2_main_incident_all_morale_down	DURATION[3]
930539018	wh2_main_incident_intrigue_skv_negative_2a	DIPLOMATIC_STANDING	AMOUNT[-5]
932039897	wh2_main_incident_intrigue_emp_positive_2	DIPLOMATIC_STANDING	AMOUNT[5]
933204890	wh2_main_incident_all_campaign_movement_up	wh2_main_incident_all_campaign_movement_up	DURATION[3]
933910513	wh2_main_encounter_at_sea_combat_5_nor	wh2_main_encounter_at_sea_combat_5_dummy	DURATION[10]
934268996	wh2_dlc11_treasure_hunt_puzzle_success_puzzle_1_8	TREASURY	AMOUNT[1000]
934709306	wh2_dlc11_treasure_hunt_puzzle_success_puzzle_1_2	TREASURY	AMOUNT[1000]
940453435	wh2_main_incident_hef_public_order_down	TARGET	EVENT
945412160	wh2_main_incident_encounter_at_sea_3_b	TREASURY	AMOUNT[5000]
949408260	wh2_main_incident_encounter_at_sea_1_b_tmb	TREASURY	AMOUNT[2500]
962025643	wh2_main_encounter_at_sea_combat_5_tmb	wh2_main_encounter_at_sea_combat_5_dummy	DURATION[10]
96984594	wh2_dlc11_treasure_hunt_puzzle_success_puzzle_4_5	ADD_ANCILLARY	RANDOM_ANCILLARY;TARGET_OWNING_FACTION
970342378	wh2_dlc11_treasure_hunt_puzzle_success_puzzle_3_10	ADD_ANCILLARY	RANDOM_ANCILLARY;TARGET_OWNING_FACTION
97213767	wh2_dlc10_incident_hef_alarielle_torment_increase	TEXT_DISPLAY	LOOKUP[dummy_mortal_worlds_torment_increase]
973988006	wh2_dlc11_treasure_hunt_puzzle_success_puzzle_3_4	ADD_ANCILLARY	RANDOM_ANCILLARY;TARGET_OWNING_FACTION
977602088	wh2_main_incident_lzd_cold_one_recruitment_cost_down_campaign_movement_range_up	wh2_main_incident_cold_one_recruitment_cost_down_campaign_movement_range_up	DURATION[4]
988331653	wh2_main_incident_intrigue_any_positive_1c	DIPLOMATIC_STANDING	AMOUNT[4]
992718725	wh2_dlc11_treasure_hunt_puzzle_success_puzzle_3_6	TREASURY	AMOUNT[1000]
994849856	wh2_dlc09_tmb_incident_a_noble_mistake	wh2_dlc09_payload_incident_a_noble_mistake	DURATION[10]
